line_id,sale_date,sku_id,qty,unit_price
L000001,2026-04-04,S02,34,359.0
L000002,2026-04-04,S02,21,343.69
L000003,2026-04-04,S04,147,61.0
L000004,2026-04-04,S04,263,59.7
L000005,2026-04-04,S04,158,61.0
L000006,2026-04-04,S04,178,59.02
L000007,2026-04-04,S05,432,60.0
L000008,2026-04-04,S08,4,646.18
L000009,2026-04-04,S09,193,42.01
L000010,2026-04-04,S09,110,41.51
L000011,2026-04-04,S10,358,38.0
L000012,2026-04-04,S11,1,7776.0
L000013,2026-04-04,S17,3,2784.0
L000014,2026-04-04,S19,1,1228.0
L000015,2026-04-04,S19,1,1228.0
L000016,2026-04-04,S22,1,105.58
L000017,2026-04-04,S34,4,1595.0
L000018,2026-04-04,S35,2,1469.0
L000019,2026-04-04,S36,1,2316.0
L000020,2026-04-04,S40,9,61.0
L000021,2026-04-05,S01,18,376.0
L000022,2026-04-05,S02,37,343.51
L000023,2026-04-05,S04,336,61.0
L000024,2026-04-05,S05,191,60.0
L000025,2026-04-05,S05,79,57.33
L000026,2026-04-05,S06,745,60.0
L000027,2026-04-05,S07,1,80.0
L000028,2026-04-05,S10,261,36.21
L000029,2026-04-05,S11,2,7776.0
L000030,2026-04-05,S15,5,391.0
L000031,2026-04-05,S22,6,105.34
L000032,2026-04-05,S22,6,112.0
L000033,2026-04-05,S23,2,998.0
L000034,2026-04-05,S23,4,998.0
L000035,2026-04-05,S31,7,356.0
L000036,2026-04-05,S32,8,76.0
L000037,2026-04-05,S33,1,151.24
L000038,2026-04-05,S42,3,189.0
L000039,2026-04-05,S49,4,3686.18
L000040,2026-04-06,S01,18,376.0
L000041,2026-04-06,S01,19,376.0
L000042,2026-04-06,S02,22,359.0
L000043,2026-04-06,S02,54,340.51
L000044,2026-04-06,S02,35,338.97
L000045,2026-04-06,S02,72,359.0
L000046,2026-04-06,S04,103,61.0
L000047,2026-04-06,S04,239,58.82
L000048,2026-04-06,S04,175,61.0
L000049,2026-04-06,S04,218,57.53
L000050,2026-04-06,S05,107,59.07
L000051,2026-04-06,S05,88,60.0
L000052,2026-04-06,S06,92,60.0
L000053,2026-04-06,S07,11,80.0
L000054,2026-04-06,S07,6,80.0
L000055,2026-04-06,S09,265,41.64
L000056,2026-04-06,S09,74,43.0
L000057,2026-04-06,S20,3,944.0
L000058,2026-04-06,S26,3,359.0
L000059,2026-04-06,S31,5,356.0
L000060,2026-04-06,S36,2,2316.0
L000061,2026-04-06,S37,4,273.0
L000062,2026-04-06,S37,4,273.0
L000063,2026-04-06,S40,9,59.13
L000064,2026-04-07,S01,15,365.21
L000065,2026-04-07,S01,37,376.0
L000066,2026-04-07,S01,63,376.0
L000067,2026-04-07,S03,5,189.0
L000068,2026-04-07,S05,163,60.0
L000069,2026-04-07,S08,2,698.0
L000070,2026-04-07,S09,152,43.0
L000071,2026-04-07,S10,187,38.0
L000072,2026-04-07,S11,2,7776.0
L000073,2026-04-07,S20,3,898.64
L000074,2026-04-07,S20,2,907.62
L000075,2026-04-07,S29,6,509.58
L000076,2026-04-07,S32,13,76.0
L000077,2026-04-07,S35,4,1398.85
L000078,2026-04-07,S39,4,117.0
L000079,2026-04-07,S42,3,179.15
L000080,2026-04-07,S44,2,84.31
L000081,2026-04-08,S01,23,356.45
L000082,2026-04-08,S01,66,376.0
L000083,2026-04-08,S01,15,376.0
L000084,2026-04-08,S03,1,189.0
L000085,2026-04-08,S05,237,60.0
L000086,2026-04-08,S06,161,58.91
L000087,2026-04-08,S06,128,56.72
L000088,2026-04-08,S13,4,471.0
L000089,2026-04-08,S16,2,128.0
L000090,2026-04-08,S19,1,1228.0
L000091,2026-04-08,S19,4,1228.0
L000092,2026-04-08,S21,15,525.0
L000093,2026-04-08,S30,7,577.0
L000094,2026-04-08,S35,5,1469.0
L000095,2026-04-08,S37,3,273.0
L000096,2026-04-08,S39,3,117.0
L000097,2026-04-08,S42,6,189.0
L000098,2026-04-08,S44,2,85.13
L000099,2026-04-09,S02,9,339.93
L000100,2026-04-09,S04,348,61.0
L000101,2026-04-09,S09,130,43.0
L000102,2026-04-09,S09,158,43.0
L000103,2026-04-09,S10,65,38.0
L000104,2026-04-09,S10,135,38.0
L000105,2026-04-09,S12,4,634.0
L000106,2026-04-09,S17,2,2784.0
L000107,2026-04-09,S22,3,112.0
L000108,2026-04-09,S23,2,998.0
L000109,2026-04-09,S34,4,1513.44
L000110,2026-04-09,S35,2,1469.0
L000111,2026-04-09,S37,5,273.0
L000112,2026-04-09,S37,4,256.75
L000113,2026-04-09,S37,4,257.59
L000114,2026-04-09,S38,8,54.0
L000115,2026-04-10,S01,18,376.0
L000116,2026-04-10,S01,29,376.0
L000117,2026-04-10,S01,23,376.0
L000118,2026-04-10,S02,22,359.0
L000119,2026-04-10,S02,11,350.91
L000120,2026-04-10,S04,197,57.4
L000121,2026-04-10,S06,283,60.0
L000122,2026-04-10,S10,74,38.0
L000123,2026-04-10,S10,193,38.0
L000124,2026-04-10,S10,110,38.0
L000125,2026-04-10,S10,149,38.0
L000126,2026-04-10,S15,6,391.0
L000127,2026-04-10,S15,9,368.79
L000128,2026-04-10,S16,3,128.0
L000129,2026-04-10,S19,3,1136.61
L000130,2026-04-10,S20,4,944.0
L000131,2026-04-10,S20,3,944.0
L000132,2026-04-10,S23,4,998.0
L000133,2026-04-10,S31,9,356.0
L000134,2026-04-10,S32,12,76.0
L000135,2026-04-10,S33,3,154.43
L000136,2026-04-10,S33,5,146.84
L000137,2026-04-10,S35,4,1469.0
L000138,2026-04-10,S37,9,273.0
L000139,2026-04-10,S38,8,54.0
L000140,2026-04-10,S40,15,58.02
L000141,2026-04-10,S40,11,57.52
L000142,2026-04-11,S01,30,371.09
L000143,2026-04-11,S01,41,353.18
L000144,2026-04-11,S02,36,359.0
L000145,2026-04-11,S02,23,359.0
L000146,2026-04-11,S04,96,61.0
L000147,2026-04-11,S05,69,60.0
L000148,2026-04-11,S06,247,60.0
L000149,2026-04-11,S06,252,57.67
L000150,2026-04-11,S07,6,78.85
L000151,2026-04-11,S09,108,43.0
L000152,2026-04-11,S09,167,40.92
L000153,2026-04-11,S14,2,1452.86
L000154,2026-04-11,S21,5,525.0
L000155,2026-04-11,S26,7,337.6
L000156,2026-04-11,S29,4,532.0
L000157,2026-04-11,S36,1,2316.0
L000158,2026-04-11,S37,7,260.93
L000159,2026-04-11,S42,5,189.0
L000160,2026-04-11,S47,1,559.2
L000161,2026-04-11,S50,1,3250.78
L000162,2026-04-12,S01,9,376.0
L000163,2026-04-12,S01,85,352.92
L000164,2026-04-12,S04,178,61.0
L000165,2026-04-12,S04,140,61.0
L000166,2026-04-12,S04,117,58.71
L000167,2026-04-12,S06,196,60.0
L000168,2026-04-12,S07,4,78.17
L000169,2026-04-12,S10,177,38.0
L000170,2026-04-12,S10,180,35.53
L000171,2026-04-12,S10,328,35.85
L000172,2026-04-12,S12,4,597.06
L000173,2026-04-12,S14,8,1417.03
L000174,2026-04-12,S20,1,908.79
L000175,2026-04-12,S25,1,3172.0
L000176,2026-04-12,S34,4,1595.0
L000177,2026-04-12,S35,2,1386.41
L000178,2026-04-12,S36,1,2316.0
L000179,2026-04-12,S44,6,87.0
L000180,2026-04-13,S02,40,359.0
L000181,2026-04-13,S04,310,56.62
L000182,2026-04-13,S05,158,60.0
L000183,2026-04-13,S09,151,42.19
L000184,2026-04-13,S09,200,43.0
L000185,2026-04-13,S11,1,7776.0
L000186,2026-04-13,S13,7,471.0
L000187,2026-04-13,S17,2,2784.0
L000188,2026-04-13,S17,2,2696.48
L000189,2026-04-13,S20,3,923.53
L000190,2026-04-13,S23,1,998.0
L000191,2026-04-13,S24,1,1750.0
L000192,2026-04-13,S31,4,356.0
L000193,2026-04-13,S31,4,356.0
L000194,2026-04-13,S37,2,262.23
L000195,2026-04-13,S45,1,596.04
L000196,2026-04-14,S02,17,342.03
L000197,2026-04-14,S02,16,359.0
L000198,2026-04-14,S04,184,59.26
L000199,2026-04-14,S04,207,61.0
L000200,2026-04-14,S07,4,78.86
L000201,2026-04-14,S09,180,43.0
L000202,2026-04-14,S09,165,43.0
L000203,2026-04-14,S11,3,7570.79
L000204,2026-04-14,S11,2,7776.0
L000205,2026-04-14,S11,1,7375.14
L000206,2026-04-14,S12,6,634.0
L000207,2026-04-14,S13,6,452.46
L000208,2026-04-14,S14,3,1500.0
L000209,2026-04-14,S20,3,944.0
L000210,2026-04-14,S21,1,525.0
L000211,2026-04-14,S21,5,525.0
L000212,2026-04-14,S23,2,998.0
L000213,2026-04-14,S28,1,4704.0
L000214,2026-04-14,S31,15,340.57
L000215,2026-04-14,S34,2,1575.47
L000216,2026-04-14,S36,3,2316.0
L000217,2026-04-14,S37,2,260.65
L000218,2026-04-14,S48,4,277.0
L000219,2026-04-14,S49,21,3514.11
L000220,2026-04-14,S49,3,3762.0
L000221,2026-04-15,S01,15,355.75
L000222,2026-04-15,S02,22,342.38
L000223,2026-04-15,S02,41,359.0
L000224,2026-04-15,S04,223,61.0
L000225,2026-04-15,S04,134,61.0
L000226,2026-04-15,S06,239,58.63
L000227,2026-04-15,S09,107,43.0
L000228,2026-04-15,S10,49,37.34
L000229,2026-04-15,S15,4,391.0
L000230,2026-04-15,S20,2,929.04
L000231,2026-04-15,S21,6,525.0
L000232,2026-04-15,S32,6,76.0
L000233,2026-04-15,S35,6,1469.0
L000234,2026-04-15,S38,4,54.0
L000235,2026-04-15,S40,19,61.0
L000236,2026-04-16,S01,83,355.46
L000237,2026-04-16,S01,16,376.0
L000238,2026-04-16,S02,16,359.0
L000239,2026-04-16,S02,23,339.61
L000240,2026-04-16,S02,20,353.91
L000241,2026-04-16,S02,13,359.0
L000242,2026-04-16,S07,5,80.0
L000243,2026-04-16,S09,220,43.0
L000244,2026-04-16,S09,84,40.58
L000245,2026-04-16,S11,1,7776.0
L000246,2026-04-16,S13,8,465.67
L000247,2026-04-16,S15,4,391.0
L000248,2026-04-16,S20,2,894.5
L000249,2026-04-16,S20,3,944.0
L000250,2026-04-16,S20,2,889.31
L000251,2026-04-16,S26,5,344.48
L000252,2026-04-16,S31,6,356.0
L000253,2026-04-16,S36,7,2234.81
L000254,2026-04-16,S36,2,2287.16
L000255,2026-04-16,S38,11,54.0
L000256,2026-04-16,S41,4,98.0
L000257,2026-04-16,S41,3,98.0
L000258,2026-04-17,S02,56,346.25
L000259,2026-04-17,S02,29,359.0
L000260,2026-04-17,S02,30,350.93
L000261,2026-04-17,S06,565,56.88
L000262,2026-04-17,S10,55,38.0
L000263,2026-04-17,S10,75,38.0
L000264,2026-04-17,S17,1,2711.92
L000265,2026-04-17,S17,2,2784.0
L000266,2026-04-17,S20,2,919.63
L000267,2026-04-17,S20,1,944.0
L000268,2026-04-17,S23,1,998.0
L000269,2026-04-17,S27,1,1215.0
L000270,2026-04-17,S31,8,356.0
L000271,2026-04-17,S32,13,76.0
L000272,2026-04-17,S36,14,2249.32
L000273,2026-04-17,S36,2,2316.0
L000274,2026-04-17,S38,14,54.0
L000275,2026-04-17,S41,2,98.0
L000276,2026-04-17,S42,2,189.0
L000277,2026-04-17,S43,3,247.85
L000278,2026-04-18,S01,54,376.0
L000279,2026-04-18,S04,271,61.0
L000280,2026-04-18,S06,186,60.0
L000281,2026-04-18,S08,1,698.0
L000282,2026-04-18,S09,88,41.71
L000283,2026-04-18,S09,246,40.58
L000284,2026-04-18,S10,93,36.83
L000285,2026-04-18,S10,100,35.9
L000286,2026-04-18,S15,3,391.0
L000287,2026-04-18,S18,3,4470.4
L000288,2026-04-18,S18,1,4838.0
L000289,2026-04-18,S35,2,1395.56
L000290,2026-04-18,S35,3,1469.0
L000291,2026-04-18,S36,3,2316.0
L000292,2026-04-18,S38,9,54.0
L000293,2026-04-18,S43,2,252.54
L000294,2026-04-18,S47,1,561.41
L000295,2026-04-19,S01,26,376.0
L000296,2026-04-19,S01,7,357.37
L000297,2026-04-19,S02,64,359.0
L000298,2026-04-19,S02,36,340.13
L000299,2026-04-19,S03,2,189.0
L000300,2026-04-19,S05,272,60.0
L000301,2026-04-19,S05,471,60.0
L000302,2026-04-19,S10,91,35.72
L000303,2026-04-19,S10,130,38.0
L000304,2026-04-19,S10,73,36.77
L000305,2026-04-19,S10,238,35.85
L000306,2026-04-19,S15,2,377.66
L000307,2026-04-19,S30,12,577.0
L000308,2026-04-19,S41,3,98.0
L000309,2026-04-19,S41,2,98.0
L000310,2026-04-19,S44,4,82.19
L000311,2026-04-20,S02,21,359.0
L000312,2026-04-20,S02,16,341.36
L000313,2026-04-20,S04,503,61.0
L000314,2026-04-20,S04,312,61.0
L000315,2026-04-20,S05,114,60.0
L000316,2026-04-20,S05,205,60.0
L000317,2026-04-20,S10,108,37.57
L000318,2026-04-20,S10,94,38.0
L000319,2026-04-20,S11,1,7416.36
L000320,2026-04-20,S30,7,567.15
L000321,2026-04-20,S31,7,356.0
L000322,2026-04-20,S32,14,73.95
L000323,2026-04-20,S35,2,1445.61
L000324,2026-04-20,S35,5,1430.82
L000325,2026-04-20,S41,7,91.48
L000326,2026-04-20,S41,5,98.0
L000327,2026-04-20,S41,3,98.0
L000328,2026-04-21,S01,16,376.0
L000329,2026-04-21,S01,42,343.38
L000330,2026-04-21,S02,16,341.74
L000331,2026-04-21,S02,17,347.75
L000332,2026-04-21,S02,20,342.57
L000333,2026-04-21,S04,160,61.0
L000334,2026-04-21,S04,188,57.84
L000335,2026-04-21,S05,393,56.33
L000336,2026-04-21,S09,58,43.0
L000337,2026-04-21,S15,10,391.0
L000338,2026-04-21,S25,1,3172.0
L000339,2026-04-21,S29,1,521.97
L000340,2026-04-21,S33,2,160.0
L000341,2026-04-21,S34,4,1567.25
L000342,2026-04-21,S39,7,117.0
L000343,2026-04-21,S41,9,98.0
L000344,2026-04-22,S01,19,376.0
L000345,2026-04-22,S01,24,376.0
L000346,2026-04-22,S02,24,354.52
L000347,2026-04-22,S04,111,61.0
L000348,2026-04-22,S04,161,61.0
L000349,2026-04-22,S07,7,80.0
L000350,2026-04-22,S07,5,80.0
L000351,2026-04-22,S09,68,41.0
L000352,2026-04-22,S10,184,38.0
L000353,2026-04-22,S10,54,38.0
L000354,2026-04-22,S10,195,36.44
L000355,2026-04-22,S12,8,634.0
L000356,2026-04-22,S12,16,634.0
L000357,2026-04-22,S15,7,382.83
L000358,2026-04-22,S18,1,4838.0
L000359,2026-04-22,S19,1,1228.0
L000360,2026-04-22,S26,1,359.0
L000361,2026-04-22,S27,2,1215.0
L000362,2026-04-22,S31,12,356.0
L000363,2026-04-22,S31,4,356.0
L000364,2026-04-22,S36,4,2316.0
L000365,2026-04-22,S40,7,60.31
L000366,2026-04-22,S42,6,189.0
L000367,2026-04-22,S43,1,255.63
L000368,2026-04-23,S02,61,359.0
L000369,2026-04-23,S02,30,359.0
L000370,2026-04-23,S02,55,337.28
L000371,2026-04-23,S02,23,359.0
L000372,2026-04-23,S02,13,359.0
L000373,2026-04-23,S02,25,352.83
L000374,2026-04-23,S04,264,61.0
L000375,2026-04-23,S04,401,61.0
L000376,2026-04-23,S05,690,60.0
L000377,2026-04-23,S05,116,60.0
L000378,2026-04-23,S05,191,60.0
L000379,2026-04-23,S06,202,60.0
L000380,2026-04-23,S09,267,43.0
L000381,2026-04-23,S09,107,41.19
L000382,2026-04-23,S13,3,462.01
L000383,2026-04-23,S14,6,1500.0
L000384,2026-04-23,S20,5,944.0
L000385,2026-04-23,S21,3,499.72
L000386,2026-04-23,S21,2,516.33
L000387,2026-04-23,S26,4,359.0
L000388,2026-04-23,S29,3,509.59
L000389,2026-04-23,S29,1,532.0
L000390,2026-04-23,S32,9,73.89
L000391,2026-04-23,S37,8,273.0
L000392,2026-04-23,S38,20,50.4
L000393,2026-04-23,S39,5,115.45
L000394,2026-04-24,S01,12,364.29
L000395,2026-04-24,S01,11,356.7
L000396,2026-04-24,S01,37,376.0
L000397,2026-04-24,S01,18,376.0
L000398,2026-04-24,S01,27,362.55
L000399,2026-04-24,S02,43,332.07
L000400,2026-04-24,S02,17,359.0
L000401,2026-04-24,S03,2,189.0
L000402,2026-04-24,S04,184,61.0
L000403,2026-04-24,S04,308,61.0
L000404,2026-04-24,S05,73,58.23
L000405,2026-04-24,S06,453,60.0
L000406,2026-04-24,S09,112,41.29
L000407,2026-04-24,S10,79,37.24
L000408,2026-04-24,S10,57,38.0
L000409,2026-04-24,S10,62,36.75
L000410,2026-04-24,S11,2,7400.27
L000411,2026-04-24,S16,3,125.56
L000412,2026-04-24,S20,3,944.0
L000413,2026-04-24,S28,1,4704.0
L000414,2026-04-24,S41,4,98.0
L000415,2026-04-24,S43,1,266.0
L000416,2026-04-25,S01,55,345.92
L000417,2026-04-25,S01,20,363.39
L000418,2026-04-25,S03,3,182.13
L000419,2026-04-25,S04,327,59.4
L000420,2026-04-25,S04,290,58.42
L000421,2026-04-25,S05,101,56.84
L000422,2026-04-25,S06,220,60.0
L000423,2026-04-25,S08,1,677.15
L000424,2026-04-25,S09,142,43.0
L000425,2026-04-25,S12,5,634.0
L000426,2026-04-25,S13,5,450.17
L000427,2026-04-25,S20,2,908.88
L000428,2026-04-25,S20,6,899.69
L000429,2026-04-25,S29,1,520.44
L000430,2026-04-25,S30,9,577.0
L000431,2026-04-25,S38,7,54.0
L000432,2026-04-25,S44,3,84.39
L000433,2026-04-26,S01,33,376.0
L000434,2026-04-26,S02,18,359.0
L000435,2026-04-26,S03,1,183.32
L000436,2026-04-26,S04,496,61.0
L000437,2026-04-26,S05,248,60.0
L000438,2026-04-26,S05,438,57.31
L000439,2026-04-26,S06,127,60.0
L000440,2026-04-26,S09,99,43.0
L000441,2026-04-26,S10,149,37.39
L000442,2026-04-26,S11,1,7776.0
L000443,2026-04-26,S19,1,1228.0
L000444,2026-04-26,S20,2,892.41
L000445,2026-04-26,S23,2,983.98
L000446,2026-04-26,S26,4,359.0
L000447,2026-04-26,S30,5,577.0
L000448,2026-04-26,S33,4,150.74
L000449,2026-04-26,S35,3,1410.29
L000450,2026-04-26,S35,2,1469.0
L000451,2026-04-26,S35,5,1469.0
L000452,2026-04-26,S36,4,2245.05
L000453,2026-04-26,S39,3,114.85
L000454,2026-04-26,S44,2,87.0
L000455,2026-04-27,S01,68,363.14
L000456,2026-04-27,S01,14,376.0
L000457,2026-04-27,S02,47,359.0
L000458,2026-04-27,S02,18,349.51
L000459,2026-04-27,S02,38,359.0
L000460,2026-04-27,S03,1,189.0
L000461,2026-04-27,S04,104,61.0
L000462,2026-04-27,S04,163,61.0
L000463,2026-04-27,S04,701,56.83
L000464,2026-04-27,S05,147,60.0
L000465,2026-04-27,S06,437,60.0
L000466,2026-04-27,S06,399,55.7
L000467,2026-04-27,S13,9,471.0
L000468,2026-04-27,S13,3,458.94
L000469,2026-04-27,S15,5,391.0
L000470,2026-04-27,S16,6,128.0
L000471,2026-04-27,S18,1,4838.0
L000472,2026-04-27,S22,3,107.44
L000473,2026-04-27,S25,1,3172.0
L000474,2026-04-27,S30,13,577.0
L000475,2026-04-27,S37,1,273.0
L000476,2026-04-27,S39,6,117.0
L000477,2026-04-27,S50,2,3163.95
L000478,2026-04-28,S01,37,376.0
L000479,2026-04-28,S01,25,376.0
L000480,2026-04-28,S02,28,343.07
L000481,2026-04-28,S02,15,359.0
L000482,2026-04-28,S02,42,340.07
L000483,2026-04-28,S10,211,38.0
L000484,2026-04-28,S10,123,38.0
L000485,2026-04-28,S15,7,391.0
L000486,2026-04-28,S16,2,121.68
L000487,2026-04-28,S18,2,4838.0
L000488,2026-04-28,S19,1,1228.0
L000489,2026-04-28,S21,4,525.0
L000490,2026-04-28,S26,4,339.56
L000491,2026-04-28,S26,3,359.0
L000492,2026-04-28,S29,2,510.42
L000493,2026-04-28,S31,8,356.0
L000494,2026-04-28,S33,5,160.0
L000495,2026-04-28,S38,11,54.0
L000496,2026-04-29,S01,52,359.87
L000497,2026-04-29,S01,24,376.0
L000498,2026-04-29,S01,11,376.0
L000499,2026-04-29,S01,14,367.86
L000500,2026-04-29,S02,27,345.82
L000501,2026-04-29,S04,48,61.0
L000502,2026-04-29,S05,161,60.0
L000503,2026-04-29,S07,2,80.0
L000504,2026-04-29,S09,80,43.0
L000505,2026-04-29,S09,329,43.0
L000506,2026-04-29,S11,7,7776.0
L000507,2026-04-29,S11,2,7776.0
L000508,2026-04-29,S18,3,4838.0
L000509,2026-04-29,S23,2,998.0
L000510,2026-04-29,S29,1,520.88
L000511,2026-04-29,S31,4,346.0
L000512,2026-04-29,S35,4,1469.0
L000513,2026-04-29,S37,2,273.0
L000514,2026-04-29,S48,2,277.0
L000515,2026-04-30,S01,29,376.0
L000516,2026-04-30,S02,17,359.0
L000517,2026-04-30,S02,45,340.33
L000518,2026-04-30,S02,18,337.77
L000519,2026-04-30,S02,23,342.99
L000520,2026-04-30,S04,233,61.0
L000521,2026-04-30,S05,200,59.17
L000522,2026-04-30,S09,50,43.0
L000523,2026-04-30,S10,113,35.89
L000524,2026-04-30,S11,1,7450.8
L000525,2026-04-30,S12,11,634.0
L000526,2026-04-30,S12,6,634.0
L000527,2026-04-30,S20,3,944.0
L000528,2026-04-30,S23,2,958.44
L000529,2026-04-30,S30,4,577.0
L000530,2026-04-30,S31,12,356.0
L000531,2026-04-30,S32,11,72.82
L000532,2026-04-30,S35,6,1469.0
L000533,2026-04-30,S36,3,2276.58
L000534,2026-04-30,S38,11,51.34
L000535,2026-05-01,S01,31,376.0
L000536,2026-05-01,S02,18,359.0
L000537,2026-05-01,S05,166,60.0
L000538,2026-05-01,S05,97,60.0
L000539,2026-05-01,S10,121,38.0
L000540,2026-05-01,S16,2,123.38
L000541,2026-05-01,S16,2,120.74
L000542,2026-05-01,S21,3,525.0
L000543,2026-05-01,S26,2,359.0
L000544,2026-05-01,S31,4,356.0
L000545,2026-05-01,S32,7,76.0
L000546,2026-05-01,S32,11,76.0
L000547,2026-05-01,S43,2,266.0
L000548,2026-05-01,S49,5,3762.0
L000549,2026-05-02,S01,39,366.01
L000550,2026-05-02,S04,93,61.0
L000551,2026-05-02,S05,592,60.0
L000552,2026-05-02,S06,308,60.0
L000553,2026-05-02,S09,293,43.0
L000554,2026-05-02,S11,4,7776.0
L000555,2026-05-02,S12,4,625.58
L000556,2026-05-02,S16,6,122.95
L000557,2026-05-02,S17,2,2700.81
L000558,2026-05-02,S19,2,1180.96
L000559,2026-05-02,S26,4,353.77
L000560,2026-05-02,S26,3,340.51
L000561,2026-05-02,S28,1,4704.0
L000562,2026-05-02,S42,9,183.5
L000563,2026-05-02,S45,3,621.0
L000564,2026-05-03,S01,28,354.79
L000565,2026-05-03,S02,29,359.0
L000566,2026-05-03,S03,5,177.5
L000567,2026-05-03,S06,102,60.0
L000568,2026-05-03,S07,7,80.0
L000569,2026-05-03,S08,3,698.0
L000570,2026-05-03,S17,1,2784.0
L000571,2026-05-03,S21,4,525.0
L000572,2026-05-03,S27,1,1215.0
L000573,2026-05-03,S31,6,356.0
L000574,2026-05-03,S31,7,356.0
L000575,2026-05-03,S36,4,2316.0
L000576,2026-05-03,S38,11,54.0
L000577,2026-05-03,S41,3,93.17
L000578,2026-05-04,S01,15,359.98
L000579,2026-05-04,S01,24,376.0
L000580,2026-05-04,S01,34,361.02
L000581,2026-05-04,S04,362,61.0
L000582,2026-05-04,S04,221,61.0
L000583,2026-05-04,S04,159,58.4
L000584,2026-05-04,S04,94,57.36
L000585,2026-05-04,S05,208,57.06
L000586,2026-05-04,S09,83,43.0
L000587,2026-05-04,S10,148,38.0
L000588,2026-05-04,S11,2,7650.75
L000589,2026-05-04,S12,6,634.0
L000590,2026-05-04,S13,8,453.98
L000591,2026-05-04,S13,5,471.0
L000592,2026-05-04,S17,2,2701.04
L000593,2026-05-04,S19,2,1228.0
L000594,2026-05-04,S30,8,550.08
L000595,2026-05-04,S32,8,76.0
L000596,2026-05-04,S33,3,160.0
L000597,2026-05-04,S34,1,1521.89
L000598,2026-05-04,S38,11,51.83
L000599,2026-05-04,S40,10,61.0
L000600,2026-05-04,S47,1,542.84
L000601,2026-05-05,S01,25,365.46
L000602,2026-05-05,S01,46,376.0
L000603,2026-05-05,S01,38,376.0
L000604,2026-05-05,S07,2,77.08
L000605,2026-05-05,S07,5,80.0
L000606,2026-05-05,S09,121,43.0
L000607,2026-05-05,S09,177,40.88
L000608,2026-05-05,S09,101,41.66
L000609,2026-05-05,S10,91,38.0
L000610,2026-05-05,S10,217,38.0
L000611,2026-05-05,S13,5,471.0
L000612,2026-05-05,S17,2,2784.0
L000613,2026-05-05,S26,2,359.0
L000614,2026-05-05,S32,15,70.69
L000615,2026-05-05,S33,2,160.0
L000616,2026-05-05,S37,4,273.0
L000617,2026-05-05,S37,11,273.0
L000618,2026-05-05,S38,8,53.31
L000619,2026-05-05,S38,4,54.0
L000620,2026-05-05,S39,7,113.29
L000621,2026-05-05,S39,8,117.0
L000622,2026-05-05,S41,1,98.0
L000623,2026-05-05,S48,5,258.96
L000624,2026-05-06,S01,20,369.67
L000625,2026-05-06,S01,44,376.0
L000626,2026-05-06,S04,264,57.96
L000627,2026-05-06,S05,315,60.0
L000628,2026-05-06,S05,206,60.0
L000629,2026-05-06,S07,6,75.76
L000630,2026-05-06,S09,259,43.0
L000631,2026-05-06,S09,184,42.19
L000632,2026-05-06,S10,203,35.77
L000633,2026-05-06,S11,5,7776.0
L000634,2026-05-06,S22,5,112.0
L000635,2026-05-06,S26,2,359.0
L000636,2026-05-06,S26,6,359.0
L000637,2026-05-06,S32,14,71.96
L000638,2026-05-06,S40,24,61.0
L000639,2026-05-06,S44,5,87.0
L000640,2026-05-06,S46,1,323.46
L000641,2026-05-06,S49,4,3762.0
L000642,2026-05-06,S49,3,3762.0
L000643,2026-05-06,S50,1,3335.0
L000644,2026-05-07,S01,42,376.0
L000645,2026-05-07,S06,261,57.81
L000646,2026-05-07,S06,131,60.0
L000647,2026-05-07,S16,4,128.0
L000648,2026-05-07,S16,6,123.97
L000649,2026-05-07,S19,2,1228.0
L000650,2026-05-07,S27,1,1215.0
L000651,2026-05-07,S32,11,76.0
L000652,2026-05-07,S34,3,1595.0
L000653,2026-05-07,S38,8,53.26
L000654,2026-05-07,S39,4,117.0
L000655,2026-05-08,S01,30,361.14
L000656,2026-05-08,S02,86,338.02
L000657,2026-05-08,S04,667,56.62
L000658,2026-05-08,S04,188,61.0
L000659,2026-05-08,S10,42,38.0
L000660,2026-05-08,S11,2,7776.0
L000661,2026-05-08,S11,2,7619.21
L000662,2026-05-08,S35,2,1469.0
L000663,2026-05-08,S37,4,273.0
L000664,2026-05-08,S39,8,117.0
L000665,2026-05-08,S40,18,58.66
L000666,2026-05-08,S41,5,98.0
L000667,2026-05-08,S42,2,177.89
L000668,2026-05-08,S49,7,3762.0
L000669,2026-05-09,S01,52,376.0
L000670,2026-05-09,S02,37,359.0
L000671,2026-05-09,S02,50,359.0
L000672,2026-05-09,S02,27,359.0
L000673,2026-05-09,S07,3,80.0
L000674,2026-05-09,S11,3,7500.5
L000675,2026-05-09,S13,9,436.89
L000676,2026-05-09,S15,2,371.88
L000677,2026-05-09,S16,2,128.0
L000678,2026-05-09,S24,2,1750.0
L000679,2026-05-09,S32,13,76.0
L000680,2026-05-09,S36,1,2316.0
L000681,2026-05-09,S39,5,114.87
L000682,2026-05-09,S39,11,111.95
L000683,2026-05-09,S42,4,189.0
L000684,2026-05-09,S50,1,3335.0
L000685,2026-05-10,S02,38,359.0
L000686,2026-05-10,S02,28,359.0
L000687,2026-05-10,S04,485,61.0
L000688,2026-05-10,S04,424,58.47
L000689,2026-05-10,S04,234,58.23
L000690,2026-05-10,S05,147,58.66
L000691,2026-05-10,S05,211,60.0
L000692,2026-05-10,S09,58,41.07
L000693,2026-05-10,S10,241,38.0
L000694,2026-05-10,S11,4,7776.0
L000695,2026-05-10,S12,7,634.0
L000696,2026-05-10,S15,2,391.0
L000697,2026-05-10,S16,2,128.0
L000698,2026-05-10,S17,1,2784.0
L000699,2026-05-10,S18,1,4838.0
L000700,2026-05-10,S19,3,1181.26
L000701,2026-05-10,S20,3,944.0
L000702,2026-05-10,S21,3,508.9
L000703,2026-05-10,S31,7,356.0
L000704,2026-05-10,S32,13,76.0
L000705,2026-05-10,S33,3,160.0
L000706,2026-05-10,S34,2,1556.93
L000707,2026-05-10,S35,1,1411.48
L000708,2026-05-10,S41,4,98.0
L000709,2026-05-11,S01,11,370.26
L000710,2026-05-11,S01,36,376.0
L000711,2026-05-11,S04,239,61.0
L000712,2026-05-11,S04,381,58.25
L000713,2026-05-11,S09,223,41.77
L000714,2026-05-11,S09,40,43.0
L000715,2026-05-11,S10,181,38.0
L000716,2026-05-11,S10,216,38.0
L000717,2026-05-11,S11,2,7510.03
L000718,2026-05-11,S21,3,511.99
L000719,2026-05-11,S30,6,577.0
L000720,2026-05-11,S32,12,76.0
L000721,2026-05-11,S39,7,117.0
L000722,2026-05-11,S39,6,114.89
L000723,2026-05-11,S42,2,189.0
L000724,2026-05-11,S50,1,3335.0
L000725,2026-05-12,S01,31,376.0
L000726,2026-05-12,S02,23,359.0
L000727,2026-05-12,S04,235,61.0
L000728,2026-05-12,S05,112,60.0
L000729,2026-05-12,S09,55,43.0
L000730,2026-05-12,S09,365,40.92
L000731,2026-05-12,S12,4,596.19
L000732,2026-05-12,S13,4,471.0
L000733,2026-05-12,S15,4,391.0
L000734,2026-05-12,S15,4,391.0
L000735,2026-05-12,S29,2,532.0
L000736,2026-05-12,S32,23,76.0
L000737,2026-05-12,S34,2,1595.0
L000738,2026-05-12,S39,5,113.26
L000739,2026-05-12,S41,6,98.0
L000740,2026-05-12,S45,2,621.0
L000741,2026-05-13,S02,50,352.3
L000742,2026-05-13,S02,52,359.0
L000743,2026-05-13,S03,3,189.0
L000744,2026-05-13,S04,119,61.0
L000745,2026-05-13,S04,349,61.0
L000746,2026-05-13,S04,182,61.0
L000747,2026-05-13,S06,83,60.0
L000748,2026-05-13,S10,107,36.63
L000749,2026-05-13,S10,77,38.0
L000750,2026-05-13,S11,3,7776.0
L000751,2026-05-13,S12,3,622.23
L000752,2026-05-13,S16,4,128.0
L000753,2026-05-13,S17,3,2784.0
L000754,2026-05-13,S18,2,4838.0
L000755,2026-05-13,S21,3,525.0
L000756,2026-05-13,S23,2,945.94
L000757,2026-05-13,S30,7,571.07
L000758,2026-05-13,S35,4,1469.0
L000759,2026-05-13,S39,9,117.0
L000760,2026-05-14,S01,39,376.0
L000761,2026-05-14,S01,33,376.0
L000762,2026-05-14,S01,70,376.0
L000763,2026-05-14,S01,30,370.42
L000764,2026-05-14,S01,36,358.57
L000765,2026-05-14,S04,244,61.0
L000766,2026-05-14,S05,202,60.0
L000767,2026-05-14,S06,316,57.01
L000768,2026-05-14,S08,2,698.0
L000769,2026-05-14,S09,192,43.0
L000770,2026-05-14,S09,105,43.0
L000771,2026-05-14,S10,105,38.0
L000772,2026-05-14,S10,104,38.0
L000773,2026-05-14,S11,1,7428.16
L000774,2026-05-14,S14,4,1411.08
L000775,2026-05-14,S16,2,128.0
L000776,2026-05-14,S20,2,944.0
L000777,2026-05-14,S35,2,1469.0
L000778,2026-05-14,S40,7,61.0
L000779,2026-05-14,S41,3,93.98
L000780,2026-05-14,S47,1,547.53
L000781,2026-05-15,S01,40,350.26
L000782,2026-05-15,S01,26,355.05
L000783,2026-05-15,S02,41,359.0
L000784,2026-05-15,S05,134,60.0
L000785,2026-05-15,S07,9,80.0
L000786,2026-05-15,S09,129,43.0
L000787,2026-05-15,S09,406,43.0
L000788,2026-05-15,S09,168,43.0
L000789,2026-05-15,S10,269,38.0
L000790,2026-05-15,S11,6,7776.0
L000791,2026-05-15,S19,2,1157.47
L000792,2026-05-15,S21,4,525.0
L000793,2026-05-15,S31,7,356.0
L000794,2026-05-15,S31,18,356.0
L000795,2026-05-15,S32,10,76.0
L000796,2026-05-15,S33,3,160.0
L000797,2026-05-15,S38,13,54.0
L000798,2026-05-15,S39,6,117.0
L000799,2026-05-15,S42,3,180.46
L000800,2026-05-15,S44,4,82.64
L000801,2026-05-16,S01,12,362.52
L000802,2026-05-16,S01,33,376.0
L000803,2026-05-16,S02,15,359.0
L000804,2026-05-16,S05,197,57.22
L000805,2026-05-16,S05,421,60.0
L000806,2026-05-16,S09,133,43.0
L000807,2026-05-16,S09,78,43.0
L000808,2026-05-16,S15,5,391.0
L000809,2026-05-16,S15,7,391.0
L000810,2026-05-16,S19,3,1195.79
L000811,2026-05-16,S21,2,525.0
L000812,2026-05-16,S30,5,556.89
L000813,2026-05-16,S31,14,356.0
L000814,2026-05-16,S31,9,356.0
L000815,2026-05-16,S38,13,54.0
L000816,2026-05-16,S38,9,54.0
L000817,2026-05-16,S39,4,117.0
L000818,2026-05-17,S01,13,358.29
L000819,2026-05-17,S01,51,376.0
L000820,2026-05-17,S01,23,363.75
L000821,2026-05-17,S01,23,376.0
L000822,2026-05-17,S02,24,353.91
L000823,2026-05-17,S02,47,345.42
L000824,2026-05-17,S09,206,43.0
L000825,2026-05-17,S10,55,36.65
L000826,2026-05-17,S10,255,35.62
L000827,2026-05-17,S11,3,7776.0
L000828,2026-05-17,S11,1,7776.0
L000829,2026-05-17,S12,7,598.36
L000830,2026-05-17,S15,6,372.27
L000831,2026-05-17,S21,4,525.0
L000832,2026-05-17,S29,2,532.0
L000833,2026-05-17,S39,7,117.0
L000834,2026-05-17,S40,31,57.71
L000835,2026-05-17,S48,6,271.88
L000836,2026-05-18,S02,34,359.0
L000837,2026-05-18,S02,18,343.14
L000838,2026-05-18,S02,27,359.0
L000839,2026-05-18,S05,250,60.0
L000840,2026-05-18,S06,828,57.77
L000841,2026-05-18,S09,201,43.0
L000842,2026-05-18,S09,90,43.0
L000843,2026-05-18,S12,4,618.02
L000844,2026-05-18,S13,11,471.0
L000845,2026-05-18,S13,5,450.2
L000846,2026-05-18,S19,5,1228.0
L000847,2026-05-18,S30,6,577.0
L000848,2026-05-18,S37,8,273.0
L000849,2026-05-18,S38,14,54.0
L000850,2026-05-18,S43,1,250.47
L000851,2026-05-18,S44,7,87.0
L000852,2026-05-18,S49,3,3762.0
L000853,2026-05-19,S01,48,376.0
L000854,2026-05-19,S01,16,376.0
L000855,2026-05-19,S02,37,359.0
L000856,2026-05-19,S04,99,61.0
L000857,2026-05-19,S04,442,61.0
L000858,2026-05-19,S05,141,60.0
L000859,2026-05-19,S05,165,60.0
L000860,2026-05-19,S05,143,60.0
L000861,2026-05-19,S07,3,80.0
L000862,2026-05-19,S09,218,43.0
L000863,2026-05-19,S11,5,7323.17
L000864,2026-05-19,S11,3,7776.0
L000865,2026-05-19,S12,4,634.0
L000866,2026-05-19,S28,1,4704.0
L000867,2026-05-19,S33,4,154.05
L000868,2026-05-19,S35,1,1469.0
L000869,2026-05-19,S35,4,1416.26
L000870,2026-05-19,S39,12,117.0
L000871,2026-05-19,S40,18,61.0
L000872,2026-05-19,S42,4,189.0
L000873,2026-05-19,S43,6,266.0
L000874,2026-05-20,S02,36,359.0
L000875,2026-05-20,S02,32,359.0
L000876,2026-05-20,S05,158,60.0
L000877,2026-05-20,S09,207,43.0
L000878,2026-05-20,S10,136,38.0
L000879,2026-05-20,S10,86,38.0
L000880,2026-05-20,S10,118,38.0
L000881,2026-05-20,S14,4,1422.62
L000882,2026-05-20,S15,5,385.0
L000883,2026-05-20,S15,5,391.0
L000884,2026-05-20,S16,5,128.0
L000885,2026-05-20,S16,7,128.0
L000886,2026-05-20,S20,2,887.88
L000887,2026-05-20,S20,3,944.0
L000888,2026-05-20,S21,4,495.62
L000889,2026-05-20,S23,4,998.0
L000890,2026-05-20,S23,2,998.0
L000891,2026-05-20,S24,1,1654.36
L000892,2026-05-20,S30,10,555.81
L000893,2026-05-20,S38,5,50.87
L000894,2026-05-20,S42,4,189.0
L000895,2026-05-20,S42,4,189.0
L000896,2026-05-20,S47,2,528.22
L000897,2026-05-21,S02,24,342.62
L000898,2026-05-21,S02,13,348.38
L000899,2026-05-21,S04,459,56.14
L000900,2026-05-21,S06,312,60.0
L000901,2026-05-21,S10,95,38.0
L000902,2026-05-21,S11,1,7776.0
L000903,2026-05-21,S12,7,612.49
L000904,2026-05-21,S14,2,1500.0
L000905,2026-05-21,S21,6,525.0
L000906,2026-05-21,S29,1,517.32
L000907,2026-05-21,S30,3,545.23
L000908,2026-05-21,S34,5,1520.71
L000909,2026-05-21,S35,2,1469.0
L000910,2026-05-21,S36,2,2183.31
L000911,2026-05-21,S36,3,2191.95
L000912,2026-05-21,S38,3,54.0
L000913,2026-05-21,S39,4,113.53
L000914,2026-05-21,S39,4,117.0
L000915,2026-05-22,S01,21,370.32
L000916,2026-05-22,S01,24,376.0
L000917,2026-05-22,S02,38,359.0
L000918,2026-05-22,S02,27,359.0
L000919,2026-05-22,S07,5,77.89
L000920,2026-05-22,S09,154,43.0
L000921,2026-05-22,S09,86,43.0
L000922,2026-05-22,S10,101,38.0
L000923,2026-05-22,S10,177,38.0
L000924,2026-05-22,S11,1,7776.0
L000925,2026-05-22,S14,4,1500.0
L000926,2026-05-22,S17,1,2784.0
L000927,2026-05-22,S25,1,3172.0
L000928,2026-05-22,S31,5,356.0
L000929,2026-05-22,S32,8,76.0
L000930,2026-05-22,S34,5,1595.0
L000931,2026-05-22,S34,3,1545.68
L000932,2026-05-22,S35,3,1384.31
L000933,2026-05-22,S35,3,1469.0
L000934,2026-05-22,S36,1,2316.0
L000935,2026-05-22,S37,2,273.0
L000936,2026-05-22,S39,6,117.0
L000937,2026-05-22,S40,19,61.0
L000938,2026-05-22,S41,5,94.7
L000939,2026-05-22,S43,2,252.29
L000940,2026-05-23,S01,8,356.28
L000941,2026-05-23,S02,24,359.0
L000942,2026-05-23,S02,30,359.0
L000943,2026-05-23,S04,164,61.0
L000944,2026-05-23,S05,488,60.0
L000945,2026-05-23,S05,359,60.0
L000946,2026-05-23,S06,426,60.0
L000947,2026-05-23,S07,4,80.0
L000948,2026-05-23,S12,3,613.11
L000949,2026-05-23,S23,3,973.9
L000950,2026-05-23,S23,1,973.14
L000951,2026-05-23,S24,1,1750.0
L000952,2026-05-23,S35,4,1409.7
L000953,2026-05-23,S35,3,1447.07
L000954,2026-05-23,S36,4,2316.0
L000955,2026-05-23,S36,2,2316.0
L000956,2026-05-23,S40,28,57.16
L000957,2026-05-23,S44,3,87.0
L000958,2026-05-24,S02,23,345.13
L000959,2026-05-24,S04,336,61.0
L000960,2026-05-24,S05,74,60.0
L000961,2026-05-24,S05,280,57.51
L000962,2026-05-24,S07,3,80.0
L000963,2026-05-24,S14,3,1500.0
L000964,2026-05-24,S21,2,525.0
L000965,2026-05-24,S21,3,525.0
L000966,2026-05-24,S22,3,112.0
L000967,2026-05-24,S23,1,998.0
L000968,2026-05-24,S27,2,1141.06
L000969,2026-05-24,S32,7,71.99
L000970,2026-05-24,S33,2,160.0
L000971,2026-05-24,S48,4,277.0
L000972,2026-05-25,S01,10,357.62
L000973,2026-05-25,S03,2,182.64
L000974,2026-05-25,S04,210,61.0
L000975,2026-05-25,S05,119,60.0
L000976,2026-05-25,S05,298,60.0
L000977,2026-05-25,S05,440,58.39
L000978,2026-05-25,S06,490,60.0
L000979,2026-05-25,S08,2,678.44
L000980,2026-05-25,S11,6,7776.0
L000981,2026-05-25,S12,10,586.75
L000982,2026-05-25,S16,2,128.0
L000983,2026-05-25,S16,3,128.0
L000984,2026-05-25,S16,2,124.29
L000985,2026-05-25,S23,2,976.28
L000986,2026-05-25,S24,1,1750.0
L000987,2026-05-25,S32,13,76.0
L000988,2026-05-25,S35,4,1469.0
L000989,2026-05-25,S41,11,96.17
L000990,2026-05-25,S42,5,189.0
L000991,2026-05-25,S44,6,87.0
L000992,2026-05-25,S44,8,81.19
L000993,2026-05-25,S48,7,277.0
L000994,2026-05-26,S01,54,360.1
L000995,2026-05-26,S01,37,358.75
L000996,2026-05-26,S01,23,376.0
L000997,2026-05-26,S02,31,359.0
L000998,2026-05-26,S02,16,359.0
L000999,2026-05-26,S02,20,359.0
L001000,2026-05-26,S10,136,36.03
L001001,2026-05-26,S11,1,7776.0
L001002,2026-05-26,S12,12,601.79
L001003,2026-05-26,S22,2,112.0
L001004,2026-05-26,S26,2,359.0
L001005,2026-05-26,S26,3,340.69
L001006,2026-05-26,S35,3,1469.0
L001007,2026-05-26,S35,5,1355.53
L001008,2026-05-26,S36,2,2316.0
L001009,2026-05-26,S37,5,273.0
L001010,2026-05-26,S37,9,273.0
L001011,2026-05-26,S38,9,52.81
L001012,2026-05-26,S39,3,111.86
L001013,2026-05-26,S39,4,117.0
L001014,2026-05-27,S01,36,376.0
L001015,2026-05-27,S03,2,189.0
L001016,2026-05-27,S04,156,61.0
L001017,2026-05-27,S06,209,60.0
L001018,2026-05-27,S10,80,37.0
L001019,2026-05-27,S11,2,7776.0
L001020,2026-05-27,S15,4,391.0
L001021,2026-05-27,S16,2,128.0
L001022,2026-05-27,S16,2,125.3
L001023,2026-05-27,S20,2,944.0
L001024,2026-05-27,S24,1,1750.0
L001025,2026-05-27,S24,1,1750.0
L001026,2026-05-27,S33,5,154.87
L001027,2026-05-27,S38,12,53.27
L001028,2026-05-28,S04,178,61.0
L001029,2026-05-28,S05,273,58.05
L001030,2026-05-28,S10,211,36.6
L001031,2026-05-28,S11,1,7776.0
L001032,2026-05-28,S15,5,391.0
L001033,2026-05-28,S17,1,2784.0
L001034,2026-05-28,S21,5,525.0
L001035,2026-05-28,S26,5,336.96
L001036,2026-05-28,S31,4,342.96
L001037,2026-05-28,S41,2,98.0
L001038,2026-05-28,S43,1,266.0
L001039,2026-05-29,S01,22,376.0
L001040,2026-05-29,S01,25,376.0
L001041,2026-05-29,S02,22,359.0
L001042,2026-05-29,S02,29,359.0
L001043,2026-05-29,S03,1,189.0
L001044,2026-05-29,S04,310,58.64
L001045,2026-05-29,S06,209,60.0
L001046,2026-05-29,S06,342,58.75
L001047,2026-05-29,S08,2,679.9
L001048,2026-05-29,S10,89,37.22
L001049,2026-05-29,S37,5,258.0
L001050,2026-05-29,S39,6,117.0
L001051,2026-05-29,S41,4,98.0
L001052,2026-05-29,S47,1,571.0
L001053,2026-05-30,S01,30,376.0
L001054,2026-05-30,S01,26,376.0
L001055,2026-05-30,S04,194,58.95
L001056,2026-05-30,S14,7,1389.72
L001057,2026-05-30,S15,4,391.0
L001058,2026-05-30,S17,1,2784.0
L001059,2026-05-30,S18,1,4838.0
L001060,2026-05-30,S24,1,1680.64
L001061,2026-05-30,S33,2,154.58
L001062,2026-05-30,S34,5,1595.0
L001063,2026-05-30,S35,6,1366.69
L001064,2026-05-30,S38,12,54.0
L001065,2026-05-30,S40,11,58.13
L001066,2026-05-30,S44,2,87.0
L001067,2026-05-31,S01,14,376.0
L001068,2026-05-31,S04,197,61.0
L001069,2026-05-31,S06,393,60.0
L001070,2026-05-31,S06,142,60.0
L001071,2026-05-31,S10,94,37.46
L001072,2026-05-31,S11,1,7776.0
L001073,2026-05-31,S14,8,1500.0
L001074,2026-05-31,S15,9,379.39
L001075,2026-05-31,S15,4,378.92
L001076,2026-05-31,S21,5,525.0
L001077,2026-05-31,S30,7,577.0
L001078,2026-05-31,S36,6,2176.91
L001079,2026-05-31,S40,18,59.21
L001080,2026-05-31,S46,1,338.0
L001081,2026-05-31,S48,4,277.0
L001082,2026-06-01,S02,8,359.0
L001083,2026-06-01,S02,33,359.0
L001084,2026-06-01,S05,285,58.79
L001085,2026-06-01,S05,78,60.0
L001086,2026-06-01,S09,216,43.0
L001087,2026-06-01,S09,144,43.0
L001088,2026-06-01,S10,97,38.0
L001089,2026-06-01,S10,140,38.0
L001090,2026-06-01,S11,4,7282.77
L001091,2026-06-01,S13,6,471.0
L001092,2026-06-01,S14,3,1500.0
L001093,2026-06-01,S14,3,1500.0
L001094,2026-06-01,S17,4,2699.28
L001095,2026-06-01,S27,1,1215.0
L001096,2026-06-01,S32,9,76.0
L001097,2026-06-01,S33,4,160.0
L001098,2026-06-01,S35,2,1469.0
L001099,2026-06-01,S37,5,257.24
L001100,2026-06-01,S42,4,189.0
L001101,2026-06-01,S48,1,277.0
L001102,2026-06-01,S48,4,267.45
L001103,2026-06-02,S01,20,368.07
L001104,2026-06-02,S02,64,359.0
L001105,2026-06-02,S02,12,351.96
L001106,2026-06-02,S04,182,57.97
L001107,2026-06-02,S05,90,60.0
L001108,2026-06-02,S05,127,60.0
L001109,2026-06-02,S06,230,58.15
L001110,2026-06-02,S17,1,2784.0
L001111,2026-06-02,S18,2,4838.0
L001112,2026-06-02,S23,2,998.0
L001113,2026-06-02,S26,4,350.14
L001114,2026-06-02,S30,6,557.18
L001115,2026-06-02,S31,11,356.0
L001116,2026-06-02,S32,31,76.0
L001117,2026-06-02,S35,3,1400.58
L001118,2026-06-02,S35,3,1436.02
L001119,2026-06-02,S37,9,273.0
L001120,2026-06-02,S37,6,273.0
L001121,2026-06-03,S01,11,376.0
L001122,2026-06-03,S01,35,363.45
L001123,2026-06-03,S03,1,189.0
L001124,2026-06-03,S04,247,59.84
L001125,2026-06-03,S04,289,61.0
L001126,2026-06-03,S04,149,61.0
L001127,2026-06-03,S05,228,60.0
L001128,2026-06-03,S05,115,60.0
L001129,2026-06-03,S11,4,7776.0
L001130,2026-06-03,S12,8,634.0
L001131,2026-06-03,S12,6,613.76
L001132,2026-06-03,S13,7,471.0
L001133,2026-06-03,S20,3,888.69
L001134,2026-06-03,S22,4,112.0
L001135,2026-06-03,S33,4,155.07
L001136,2026-06-03,S35,2,1390.72
L001137,2026-06-03,S35,2,1469.0
L001138,2026-06-03,S37,6,273.0
L001139,2026-06-03,S43,2,266.0
L001140,2026-06-04,S01,33,376.0
L001141,2026-06-04,S05,219,56.99
L001142,2026-06-04,S06,331,58.36
L001143,2026-06-04,S07,5,80.0
L001144,2026-06-04,S10,111,38.0
L001145,2026-06-04,S11,2,7614.69
L001146,2026-06-04,S12,4,634.0
L001147,2026-06-04,S12,7,623.27
L001148,2026-06-04,S13,4,456.91
L001149,2026-06-04,S18,2,4578.4
L001150,2026-06-04,S23,3,965.47
L001151,2026-06-04,S30,8,555.71
L001152,2026-06-04,S37,2,273.0
L001153,2026-06-04,S41,4,93.65
L001154,2026-06-04,S43,2,255.8
L001155,2026-06-04,S44,5,87.0
L001156,2026-06-05,S01,25,368.65
L001157,2026-06-05,S01,18,376.0
L001158,2026-06-05,S02,32,359.0
L001159,2026-06-05,S04,563,58.8
L001160,2026-06-05,S06,176,59.19
L001161,2026-06-05,S06,408,60.0
L001162,2026-06-05,S06,151,60.0
L001163,2026-06-05,S09,231,43.0
L001164,2026-06-05,S17,1,2784.0
L001165,2026-06-05,S20,2,944.0
L001166,2026-06-05,S23,1,998.0
L001167,2026-06-05,S32,7,71.74
L001168,2026-06-05,S32,7,76.0
L001169,2026-06-05,S34,2,1595.0
L001170,2026-06-05,S35,1,1469.0
L001171,2026-06-05,S38,26,54.0
L001172,2026-06-05,S40,15,61.0
L001173,2026-06-05,S41,3,98.0
L001174,2026-06-05,S43,3,266.0
L001175,2026-06-05,S45,3,591.97
L001176,2026-06-06,S01,17,365.01
L001177,2026-06-06,S02,14,359.0
L001178,2026-06-06,S02,42,359.0
L001179,2026-06-06,S02,23,351.55
L001180,2026-06-06,S04,179,61.0
L001181,2026-06-06,S05,158,57.03
L001182,2026-06-06,S09,413,40.01
L001183,2026-06-06,S09,97,42.47
L001184,2026-06-06,S10,117,38.0
L001185,2026-06-06,S16,2,128.0
L001186,2026-06-06,S17,1,2737.53
L001187,2026-06-06,S21,3,525.0
L001188,2026-06-06,S26,8,359.0
L001189,2026-06-06,S34,1,1499.54
L001190,2026-06-06,S35,1,1469.0
L001191,2026-06-06,S36,5,2316.0
L001192,2026-06-06,S39,5,114.55
L001193,2026-06-06,S42,6,189.0
L001194,2026-06-06,S48,3,277.0
L001195,2026-06-07,S01,36,366.81
L001196,2026-06-07,S01,27,376.0
L001197,2026-06-07,S01,24,376.0
L001198,2026-06-07,S02,14,359.0
L001199,2026-06-07,S05,218,60.0
L001200,2026-06-07,S07,10,80.0
L001201,2026-06-07,S09,136,41.98
L001202,2026-06-07,S09,200,43.0
L001203,2026-06-07,S11,5,7504.45
L001204,2026-06-07,S11,4,7776.0
L001205,2026-06-07,S13,3,448.75
L001206,2026-06-07,S17,1,2784.0
L001207,2026-06-07,S30,5,577.0
L001208,2026-06-07,S30,11,577.0
L001209,2026-06-07,S32,17,76.0
L001210,2026-06-07,S37,4,265.18
L001211,2026-06-07,S43,2,266.0
L001212,2026-06-08,S02,27,359.0
L001213,2026-06-08,S02,33,359.0
L001214,2026-06-08,S05,204,59.35
L001215,2026-06-08,S06,422,60.0
L001216,2026-06-08,S09,273,43.0
L001217,2026-06-08,S09,94,42.26
L001218,2026-06-08,S10,108,38.0
L001219,2026-06-08,S12,6,634.0
L001220,2026-06-08,S18,3,4838.0
L001221,2026-06-08,S21,6,525.0
L001222,2026-06-08,S23,3,921.19
L001223,2026-06-08,S24,1,1750.0
L001224,2026-06-08,S30,2,552.11
L001225,2026-06-08,S33,4,155.94
L001226,2026-06-08,S33,5,160.0
L001227,2026-06-08,S38,15,52.26
L001228,2026-06-09,S01,36,376.0
L001229,2026-06-09,S01,40,356.18
L001230,2026-06-09,S02,30,359.0
L001231,2026-06-09,S02,17,359.0
L001232,2026-06-09,S02,42,359.0
L001233,2026-06-09,S04,256,61.0
L001234,2026-06-09,S05,288,60.0
L001235,2026-06-09,S10,83,38.0
L001236,2026-06-09,S15,3,391.0
L001237,2026-06-09,S27,2,1149.09
L001238,2026-06-09,S31,10,356.0
L001239,2026-06-09,S35,4,1400.19
L001240,2026-06-09,S37,5,273.0
L001241,2026-06-09,S38,11,52.16
L001242,2026-06-09,S43,4,266.0
L001243,2026-06-10,S01,21,376.0
L001244,2026-06-10,S01,33,376.0
L001245,2026-06-10,S02,15,359.0
L001246,2026-06-10,S04,80,57.78
L001247,2026-06-10,S04,141,60.38
L001248,2026-06-10,S04,228,59.08
L001249,2026-06-10,S05,254,60.0
L001250,2026-06-10,S05,286,60.0
L001251,2026-06-10,S09,129,43.0
L001252,2026-06-10,S10,298,37.24
L001253,2026-06-10,S10,165,38.0
L001254,2026-06-10,S17,4,2784.0
L001255,2026-06-10,S29,2,532.0
L001256,2026-06-10,S30,10,544.69
L001257,2026-06-10,S32,10,76.0
L001258,2026-06-10,S33,1,150.9
L001259,2026-06-10,S35,2,1469.0
L001260,2026-06-10,S37,3,273.0
L001261,2026-06-10,S39,9,109.14
L001262,2026-06-10,S39,6,117.0
L001263,2026-06-10,S43,5,248.87
L001264,2026-06-11,S02,18,359.0
L001265,2026-06-11,S02,27,343.91
L001266,2026-06-11,S02,68,335.71
L001267,2026-06-11,S03,2,189.0
L001268,2026-06-11,S04,116,61.0
L001269,2026-06-11,S04,197,61.0
L001270,2026-06-11,S05,232,60.0
L001271,2026-06-11,S07,5,80.0
L001272,2026-06-11,S07,2,80.0
L001273,2026-06-11,S10,52,36.48
L001274,2026-06-11,S11,4,7776.0
L001275,2026-06-11,S12,8,634.0
L001276,2026-06-11,S14,2,1454.04
L001277,2026-06-11,S14,2,1463.04
L001278,2026-06-11,S22,3,112.0
L001279,2026-06-11,S22,4,112.0
L001280,2026-06-11,S30,16,577.0
L001281,2026-06-11,S32,8,76.0
L001282,2026-06-11,S36,4,2316.0
L001283,2026-06-11,S39,4,117.0
L001284,2026-06-12,S01,26,376.0
L001285,2026-06-12,S02,10,359.0
L001286,2026-06-12,S02,65,359.0
L001287,2026-06-12,S04,457,61.0
L001288,2026-06-12,S10,97,38.0
L001289,2026-06-12,S11,3,7776.0
L001290,2026-06-12,S11,3,7776.0
L001291,2026-06-12,S18,2,4668.34
L001292,2026-06-12,S29,2,532.0
L001293,2026-06-12,S39,8,117.0
L001294,2026-06-13,S05,319,57.8
L001295,2026-06-13,S06,311,60.0
L001296,2026-06-13,S06,283,56.4
L001297,2026-06-13,S08,2,698.0
L001298,2026-06-13,S09,135,43.0
L001299,2026-06-13,S09,169,40.84
L001300,2026-06-13,S09,145,40.84
L001301,2026-06-13,S10,198,38.0
L001302,2026-06-13,S10,173,36.15
L001303,2026-06-13,S11,1,7776.0
L001304,2026-06-13,S11,1,7776.0
L001305,2026-06-13,S13,12,448.15
L001306,2026-06-13,S20,2,944.0
L001307,2026-06-13,S22,1,112.0
L001308,2026-06-13,S27,1,1215.0
L001309,2026-06-13,S31,7,351.03
L001310,2026-06-13,S38,8,52.41
L001311,2026-06-13,S39,3,117.0
L001312,2026-06-13,S40,11,61.0
L001313,2026-06-14,S01,10,363.99
L001314,2026-06-14,S01,18,376.0
L001315,2026-06-14,S01,7,369.85
L001316,2026-06-14,S02,30,359.0
L001317,2026-06-14,S05,185,60.0
L001318,2026-06-14,S05,164,60.0
L001319,2026-06-14,S16,4,123.64
L001320,2026-06-14,S18,2,4838.0
L001321,2026-06-14,S19,1,1228.0
L001322,2026-06-14,S19,1,1162.21
L001323,2026-06-14,S20,2,944.0
L001324,2026-06-14,S23,2,998.0
L001325,2026-06-14,S30,5,546.41
L001326,2026-06-14,S35,3,1392.29
L001327,2026-06-14,S35,4,1469.0
L001328,2026-06-15,S01,22,365.98
L001329,2026-06-15,S01,39,376.0
L001330,2026-06-15,S02,25,359.0
L001331,2026-06-15,S05,110,58.37
L001332,2026-06-15,S06,540,55.51
L001333,2026-06-15,S12,11,634.0
L001334,2026-06-15,S15,11,391.0
L001335,2026-06-15,S15,7,391.0
L001336,2026-06-15,S18,2,4838.0
L001337,2026-06-15,S26,1,359.0
L001338,2026-06-15,S26,3,359.0
L001339,2026-06-15,S36,7,2316.0
L001340,2026-06-15,S42,10,176.55
L001341,2026-06-15,S44,4,87.0
L001342,2026-06-16,S01,44,376.0
L001343,2026-06-16,S01,53,376.0
L001344,2026-06-16,S02,29,359.0
L001345,2026-06-16,S02,32,359.0
L001346,2026-06-16,S02,21,359.0
L001347,2026-06-16,S04,232,59.28
L001348,2026-06-16,S09,133,40.61
L001349,2026-06-16,S12,3,634.0
L001350,2026-06-16,S13,11,471.0
L001351,2026-06-16,S13,12,452.96
L001352,2026-06-16,S20,3,944.0
L001353,2026-06-16,S23,2,998.0
L001354,2026-06-16,S33,3,160.0
L001355,2026-06-16,S33,5,151.21
L001356,2026-06-16,S36,9,2267.78
L001357,2026-06-16,S38,5,54.0
L001358,2026-06-16,S39,12,117.0
L001359,2026-06-17,S01,35,366.25
L001360,2026-06-17,S01,46,376.0
L001361,2026-06-17,S02,28,359.0
L001362,2026-06-17,S02,28,359.0
L001363,2026-06-17,S02,32,359.0
L001364,2026-06-17,S02,41,359.0
L001365,2026-06-17,S05,244,56.76
L001366,2026-06-17,S06,135,60.0
L001367,2026-06-17,S09,299,43.0
L001368,2026-06-17,S11,2,7576.91
L001369,2026-06-17,S13,18,471.0
L001370,2026-06-17,S15,6,362.15
L001371,2026-06-17,S20,2,944.0
L001372,2026-06-17,S20,3,944.0
L001373,2026-06-17,S23,3,998.0
L001374,2026-06-17,S23,2,998.0
L001375,2026-06-17,S33,4,151.77
L001376,2026-06-17,S41,4,98.0
L001377,2026-06-17,S46,1,324.75
L001378,2026-06-18,S01,25,376.0
L001379,2026-06-18,S01,32,376.0
L001380,2026-06-18,S01,15,376.0
L001381,2026-06-18,S02,36,359.0
L001382,2026-06-18,S02,15,355.14
L001383,2026-06-18,S02,42,359.0
L001384,2026-06-18,S04,195,58.49
L001385,2026-06-18,S06,281,60.0
L001386,2026-06-18,S06,171,60.0
L001387,2026-06-18,S09,97,43.0
L001388,2026-06-18,S09,149,43.0
L001389,2026-06-18,S10,239,35.95
L001390,2026-06-18,S11,3,7776.0
L001391,2026-06-18,S15,5,385.85
L001392,2026-06-18,S29,2,532.0
L001393,2026-06-18,S32,13,73.45
L001394,2026-06-18,S38,11,54.0
L001395,2026-06-18,S39,4,117.0
L001396,2026-06-18,S39,6,117.0
L001397,2026-06-18,S45,8,621.0
L001398,2026-06-18,S50,1,3262.91
L001399,2026-06-19,S03,2,182.33
L001400,2026-06-19,S05,197,60.0
L001401,2026-06-19,S05,98,60.0
L001402,2026-06-19,S11,2,7580.18
L001403,2026-06-19,S13,8,471.0
L001404,2026-06-19,S21,3,505.15
L001405,2026-06-19,S31,11,351.78
L001406,2026-06-19,S37,6,273.0
L001407,2026-06-19,S40,29,58.07
L001408,2026-06-19,S41,3,98.0
L001409,2026-06-19,S42,19,189.0
L001410,2026-06-19,S43,3,266.0
L001411,2026-06-19,S44,3,87.0
L001412,2026-06-19,S47,1,561.3
L001413,2026-06-20,S02,18,359.0
L001414,2026-06-20,S04,229,61.0
L001415,2026-06-20,S10,231,38.0
L001416,2026-06-20,S10,183,38.0
L001417,2026-06-20,S12,5,634.0
L001418,2026-06-20,S12,5,634.0
L001419,2026-06-20,S15,2,391.0
L001420,2026-06-20,S17,2,2784.0
L001421,2026-06-20,S20,2,944.0
L001422,2026-06-20,S21,10,525.0
L001423,2026-06-20,S37,4,273.0
L001424,2026-06-20,S49,5,3762.0
L001425,2026-06-21,S01,13,376.0
L001426,2026-06-21,S02,29,344.91
L001427,2026-06-21,S04,384,61.0
L001428,2026-06-21,S04,93,59.21
L001429,2026-06-21,S05,327,57.3
L001430,2026-06-21,S05,120,60.0
L001431,2026-06-21,S05,214,60.0
L001432,2026-06-21,S06,337,56.41
L001433,2026-06-21,S07,7,76.36
L001434,2026-06-21,S09,99,43.0
L001435,2026-06-21,S09,195,41.18
L001436,2026-06-21,S10,98,38.0
L001437,2026-06-21,S10,176,38.0
L001438,2026-06-21,S13,6,461.05
L001439,2026-06-21,S14,3,1500.0
L001440,2026-06-21,S15,4,391.0
L001441,2026-06-21,S20,4,912.42
L001442,2026-06-21,S32,36,76.0
L001443,2026-06-21,S44,7,87.0
L001444,2026-06-22,S01,46,376.0
L001445,2026-06-22,S01,29,363.34
L001446,2026-06-22,S02,27,359.0
L001447,2026-06-22,S02,19,359.0
L001448,2026-06-22,S02,21,359.0
L001449,2026-06-22,S04,244,61.0
L001450,2026-06-22,S04,237,59.56
L001451,2026-06-22,S04,133,58.08
L001452,2026-06-22,S04,233,61.0
L001453,2026-06-22,S05,408,60.0
L001454,2026-06-22,S09,204,43.0
L001455,2026-06-22,S09,134,41.45
L001456,2026-06-22,S10,85,38.0
L001457,2026-06-22,S11,5,7776.0
L001458,2026-06-22,S12,2,634.0
L001459,2026-06-22,S30,7,577.0
L001460,2026-06-22,S31,5,356.0
L001461,2026-06-22,S33,2,154.39
L001462,2026-06-22,S33,3,153.34
L001463,2026-06-22,S37,4,267.91
L001464,2026-06-22,S39,14,117.0
L001465,2026-06-22,S42,4,181.21
L001466,2026-06-23,S01,15,376.0
L001467,2026-06-23,S01,17,376.0
L001468,2026-06-23,S02,17,340.88
L001469,2026-06-23,S04,358,61.0
L001470,2026-06-23,S06,252,57.23
L001471,2026-06-23,S06,158,60.0
L001472,2026-06-23,S07,4,80.0
L001473,2026-06-23,S09,157,43.0
L001474,2026-06-23,S15,4,371.15
L001475,2026-06-23,S15,3,369.79
L001476,2026-06-23,S17,1,2675.2
L001477,2026-06-23,S18,2,4838.0
L001478,2026-06-23,S22,2,112.0
L001479,2026-06-23,S30,3,577.0
L001480,2026-06-23,S36,3,2316.0
L001481,2026-06-23,S37,5,273.0
L001482,2026-06-23,S38,9,54.0
L001483,2026-06-23,S41,3,98.0
L001484,2026-06-24,S02,25,359.0
L001485,2026-06-24,S02,27,359.0
L001486,2026-06-24,S05,198,60.0
L001487,2026-06-24,S07,5,80.0
L001488,2026-06-24,S09,68,41.38
L001489,2026-06-24,S09,206,43.0
L001490,2026-06-24,S10,169,37.05
L001491,2026-06-24,S10,190,38.0
L001492,2026-06-24,S10,260,38.0
L001493,2026-06-24,S11,2,7491.54
L001494,2026-06-24,S12,9,594.56
L001495,2026-06-24,S12,8,634.0
L001496,2026-06-24,S16,2,128.0
L001497,2026-06-24,S20,2,944.0
L001498,2026-06-24,S22,1,105.34
L001499,2026-06-24,S25,1,3172.0
L001500,2026-06-24,S26,4,359.0
L001501,2026-06-24,S26,2,359.0
L001502,2026-06-24,S35,5,1386.29
L001503,2026-06-24,S38,9,54.0
L001504,2026-06-24,S48,6,277.0
L001505,2026-06-25,S01,70,376.0
L001506,2026-06-25,S01,29,376.0
L001507,2026-06-25,S04,132,61.0
L001508,2026-06-25,S05,155,59.09
L001509,2026-06-25,S05,79,57.78
L001510,2026-06-25,S09,321,43.0
L001511,2026-06-25,S09,199,41.99
L001512,2026-06-25,S10,144,38.0
L001513,2026-06-25,S10,146,38.0
L001514,2026-06-25,S17,1,2784.0
L001515,2026-06-25,S22,6,112.0
L001516,2026-06-25,S30,7,577.0
L001517,2026-06-25,S31,7,356.0
L001518,2026-06-25,S38,20,53.06
L001519,2026-06-25,S38,9,54.0
L001520,2026-06-25,S40,32,61.0
L001521,2026-06-25,S42,6,180.09
L001522,2026-06-26,S01,84,376.0
L001523,2026-06-26,S02,14,348.09
L001524,2026-06-26,S03,1,189.0
L001525,2026-06-26,S04,182,61.0
L001526,2026-06-26,S04,84,59.47
L001527,2026-06-26,S06,116,60.0
L001528,2026-06-26,S06,175,60.0
L001529,2026-06-26,S09,169,43.0
L001530,2026-06-26,S10,63,38.0
L001531,2026-06-26,S10,143,38.0
L001532,2026-06-26,S11,2,7776.0
L001533,2026-06-26,S15,6,391.0
L001534,2026-06-26,S19,1,1228.0
L001535,2026-06-26,S39,6,110.35
L001536,2026-06-26,S40,28,61.0
L001537,2026-06-26,S49,2,3762.0
L001538,2026-06-27,S01,19,376.0
L001539,2026-06-27,S01,36,376.0
L001540,2026-06-27,S02,34,344.44
L001541,2026-06-27,S02,46,359.0
L001542,2026-06-27,S02,16,359.0
L001543,2026-06-27,S04,187,61.0
L001544,2026-06-27,S04,225,61.0
L001545,2026-06-27,S05,254,60.0
L001546,2026-06-27,S07,2,80.0
L001547,2026-06-27,S08,1,698.0
L001548,2026-06-27,S09,130,41.09
L001549,2026-06-27,S12,8,634.0
L001550,2026-06-27,S15,5,374.71
L001551,2026-06-27,S20,2,908.45
L001552,2026-06-27,S21,2,525.0
L001553,2026-06-27,S27,2,1215.0
L001554,2026-06-28,S01,27,376.0
L001555,2026-06-28,S01,26,376.0
L001556,2026-06-28,S04,537,61.0
L001557,2026-06-28,S04,154,61.0
L001558,2026-06-28,S04,387,61.0
L001559,2026-06-28,S05,219,60.0
L001560,2026-06-28,S10,186,38.0
L001561,2026-06-28,S10,254,35.24
L001562,2026-06-28,S11,1,7776.0
L001563,2026-06-28,S12,7,634.0
L001564,2026-06-28,S12,6,604.02
L001565,2026-06-28,S13,6,471.0
L001566,2026-06-28,S14,3,1475.03
L001567,2026-06-28,S20,3,915.95
L001568,2026-06-28,S38,19,54.0
L001569,2026-06-28,S40,16,61.0
L001570,2026-06-28,S48,2,268.21
L001571,2026-06-28,S49,15,3762.0
L001572,2026-06-29,S01,24,376.0
L001573,2026-06-29,S02,23,348.01
L001574,2026-06-29,S02,39,359.0
L001575,2026-06-29,S05,270,60.0
L001576,2026-06-29,S09,219,43.0
L001577,2026-06-29,S09,114,41.91
L001578,2026-06-29,S10,115,38.0
L001579,2026-06-29,S10,123,38.0
L001580,2026-06-29,S11,2,7478.26
L001581,2026-06-29,S14,3,1474.33
L001582,2026-06-29,S17,1,2784.0
L001583,2026-06-29,S18,1,4838.0
L001584,2026-06-29,S28,1,4543.77
L001585,2026-06-29,S31,7,356.0
L001586,2026-06-29,S32,16,73.7
L001587,2026-06-29,S32,12,76.0
L001588,2026-06-29,S34,4,1595.0
L001589,2026-06-29,S39,8,112.4
L001590,2026-06-29,S40,15,57.87
L001591,2026-06-29,S41,4,98.0
L001592,2026-06-30,S01,21,376.0
L001593,2026-06-30,S02,35,359.0
L001594,2026-06-30,S02,24,359.0
L001595,2026-06-30,S04,362,61.0
L001596,2026-06-30,S05,375,60.0
L001597,2026-06-30,S05,377,60.0
L001598,2026-06-30,S06,395,60.0
L001599,2026-06-30,S06,414,56.56
L001600,2026-06-30,S07,3,80.0
L001601,2026-06-30,S07,5,80.0
L001602,2026-06-30,S08,1,666.44
L001603,2026-06-30,S10,244,35.51
L001604,2026-06-30,S10,135,38.0
L001605,2026-06-30,S15,3,381.53
L001606,2026-06-30,S19,1,1228.0
L001607,2026-06-30,S32,4,76.0
L001608,2026-06-30,S43,4,266.0
L001609,2026-06-30,S45,2,621.0
L001610,2026-06-30,S48,3,264.16
L001611,2026-07-01,S01,8,376.0
L001612,2026-07-01,S10,178,38.0
L001613,2026-07-01,S11,3,7776.0
L001614,2026-07-01,S15,3,384.06
L001615,2026-07-01,S17,2,2627.76
L001616,2026-07-01,S18,3,4490.7
L001617,2026-07-01,S21,2,525.0
L001618,2026-07-01,S23,2,998.0
L001619,2026-07-01,S30,7,567.2
L001620,2026-07-01,S40,11,61.0
L001621,2026-07-02,S01,28,357.12
L001622,2026-07-02,S01,14,376.0
L001623,2026-07-02,S01,12,357.73
L001624,2026-07-02,S05,378,60.0
L001625,2026-07-02,S06,558,55.42
L001626,2026-07-02,S09,82,43.0
L001627,2026-07-02,S11,2,7776.0
L001628,2026-07-02,S30,5,577.0
L001629,2026-07-02,S31,12,356.0
L001630,2026-07-02,S38,13,54.0
L001631,2026-07-02,S47,2,542.79
L001632,2026-07-03,S03,1,184.32
L001633,2026-07-03,S04,195,61.0
L001634,2026-07-03,S05,392,60.0
L001635,2026-07-03,S06,461,57.76
L001636,2026-07-03,S11,3,7776.0
L001637,2026-07-03,S12,6,611.01
L001638,2026-07-03,S13,3,451.57
L001639,2026-07-03,S21,3,525.0
L001640,2026-07-03,S30,11,577.0
L001641,2026-07-03,S38,12,52.28
L001642,2026-07-04,S01,19,376.0
L001643,2026-07-04,S02,36,359.0
L001644,2026-07-04,S03,5,189.0
L001645,2026-07-04,S06,313,59.09
L001646,2026-07-04,S07,5,75.38
L001647,2026-07-04,S09,153,43.0
L001648,2026-07-04,S09,227,43.0
L001649,2026-07-04,S10,169,37.27
L001650,2026-07-04,S12,12,612.61
L001651,2026-07-04,S13,6,471.0
L001652,2026-07-04,S15,4,391.0
L001653,2026-07-04,S15,5,374.79
L001654,2026-07-04,S15,7,373.35
L001655,2026-07-04,S19,4,1228.0
L001656,2026-07-04,S24,1,1716.28
L001657,2026-07-04,S25,1,3172.0
L001658,2026-07-04,S26,1,359.0
L001659,2026-07-04,S38,13,54.0
L001660,2026-07-04,S40,28,61.0
L001661,2026-07-04,S41,4,98.0
L001662,2026-07-04,S46,1,338.0
L001663,2026-07-05,S01,51,376.0
L001664,2026-07-05,S01,41,376.0
L001665,2026-07-05,S02,36,359.0
L001666,2026-07-05,S02,11,359.0
L001667,2026-07-05,S02,51,359.0
L001668,2026-07-05,S04,286,57.72
L001669,2026-07-05,S06,167,60.0
L001670,2026-07-05,S08,2,698.0
L001671,2026-07-05,S10,103,38.0
L001672,2026-07-05,S13,9,471.0
L001673,2026-07-05,S17,2,2784.0
L001674,2026-07-05,S24,1,1750.0
L001675,2026-07-05,S24,1,1649.37
L001676,2026-07-05,S26,3,347.0
L001677,2026-07-05,S30,8,577.0
L001678,2026-07-05,S30,6,577.0
L001679,2026-07-05,S35,2,1469.0
L001680,2026-07-05,S36,5,2316.0
L001681,2026-07-05,S37,3,262.49
L001682,2026-07-05,S39,7,117.0
L001683,2026-07-05,S40,35,58.48
L001684,2026-07-06,S01,84,376.0
L001685,2026-07-06,S01,16,368.37
L001686,2026-07-06,S05,184,60.0
L001687,2026-07-06,S05,342,57.04
L001688,2026-07-06,S06,298,60.0
L001689,2026-07-06,S06,1441,56.19
L001690,2026-07-06,S07,4,80.0
L001691,2026-07-06,S09,487,41.05
L001692,2026-07-06,S16,4,128.0
L001693,2026-07-06,S40,39,61.0
L001694,2026-07-07,S01,12,376.0
L001695,2026-07-07,S03,2,184.9
L001696,2026-07-07,S04,125,61.0
L001697,2026-07-07,S06,187,56.74
L001698,2026-07-07,S06,203,58.49
L001699,2026-07-07,S07,4,80.0
L001700,2026-07-07,S10,114,37.44
L001701,2026-07-07,S10,150,38.0
L001702,2026-07-07,S11,3,7776.0
L001703,2026-07-07,S11,2,7776.0
L001704,2026-07-07,S12,4,634.0
L001705,2026-07-07,S14,2,1500.0
L001706,2026-07-07,S15,10,391.0
L001707,2026-07-07,S19,2,1228.0
L001708,2026-07-07,S20,2,944.0
L001709,2026-07-07,S36,1,2316.0
L001710,2026-07-07,S39,2,117.0
L001711,2026-07-07,S43,2,259.09
L001712,2026-07-07,S49,3,3762.0
L001713,2026-07-08,S01,20,358.52
L001714,2026-07-08,S01,8,376.0
L001715,2026-07-08,S02,17,359.0
L001716,2026-07-08,S04,77,61.0
L001717,2026-07-08,S04,475,59.14
L001718,2026-07-08,S05,205,58.1
L001719,2026-07-08,S05,144,60.0
L001720,2026-07-08,S13,4,471.0
L001721,2026-07-08,S14,2,1417.14
L001722,2026-07-08,S14,2,1500.0
L001723,2026-07-08,S17,1,2784.0
L001724,2026-07-08,S21,2,525.0
L001725,2026-07-08,S26,1,359.0
L001726,2026-07-08,S31,6,341.15
L001727,2026-07-08,S33,1,160.0
L001728,2026-07-08,S38,21,51.96
L001729,2026-07-08,S39,6,113.05
L001730,2026-07-08,S41,4,96.8
L001731,2026-07-08,S41,2,98.0
L001732,2026-07-09,S01,33,376.0
L001733,2026-07-09,S02,46,359.0
L001734,2026-07-09,S05,274,60.0
L001735,2026-07-09,S06,283,60.0
L001736,2026-07-09,S06,169,57.57
L001737,2026-07-09,S06,152,60.0
L001738,2026-07-09,S08,4,698.0
L001739,2026-07-09,S09,282,40.53
L001740,2026-07-09,S10,196,38.0
L001741,2026-07-09,S10,146,38.0
L001742,2026-07-09,S11,2,7776.0
L001743,2026-07-09,S28,1,4704.0
L001744,2026-07-09,S33,5,160.0
L001745,2026-07-09,S36,3,2316.0
L001746,2026-07-09,S41,3,98.0
L001747,2026-07-09,S41,4,98.0
L001748,2026-07-09,S48,3,277.0
L001749,2026-07-10,S01,11,376.0
L001750,2026-07-10,S02,17,359.0
L001751,2026-07-10,S02,17,341.31
L001752,2026-07-10,S04,169,59.21
L001753,2026-07-10,S05,512,60.0
L001754,2026-07-10,S06,131,59.31
L001755,2026-07-10,S15,3,391.0
L001756,2026-07-10,S15,1,384.65
L001757,2026-07-10,S25,1,3089.09
L001758,2026-07-10,S26,1,359.0
L001759,2026-07-11,S01,16,376.0
L001760,2026-07-11,S01,33,357.11
L001761,2026-07-11,S05,95,60.0
L001762,2026-07-11,S05,275,58.2
L001763,2026-07-11,S09,115,43.0
L001764,2026-07-11,S09,190,43.0
L001765,2026-07-11,S12,7,634.0
L001766,2026-07-11,S16,2,120.64
L001767,2026-07-11,S20,2,944.0
L001768,2026-07-11,S20,1,944.0
L001769,2026-07-11,S22,3,112.0
L001770,2026-07-11,S25,2,3172.0
L001771,2026-07-11,S35,2,1442.69
L001772,2026-07-11,S38,16,54.0
L001773,2026-07-11,S46,1,323.24
L001774,2026-07-12,S01,57,376.0
L001775,2026-07-12,S02,16,359.0
L001776,2026-07-12,S02,42,359.0
L001777,2026-07-12,S02,28,354.48
L001778,2026-07-12,S04,164,58.68
L001779,2026-07-12,S05,483,55.78
L001780,2026-07-12,S05,218,60.0
L001781,2026-07-12,S05,212,57.24
L001782,2026-07-12,S09,203,43.0
L001783,2026-07-12,S10,78,38.0
L001784,2026-07-12,S15,2,371.19
L001785,2026-07-12,S29,2,532.0
L001786,2026-07-12,S32,12,76.0
L001787,2026-07-12,S35,2,1432.71
L001788,2026-07-12,S39,10,110.09
L001789,2026-07-12,S40,24,61.0
L001790,2026-07-12,S41,4,98.0
L001791,2026-07-12,S44,2,87.0
L001792,2026-07-13,S01,36,358.13
L001793,2026-07-13,S10,113,38.0
L001794,2026-07-13,S12,6,615.25
L001795,2026-07-13,S12,5,634.0
L001796,2026-07-13,S14,4,1500.0
L001797,2026-07-13,S15,2,391.0
L001798,2026-07-13,S29,6,496.16
L001799,2026-07-13,S29,5,486.09
L001800,2026-07-13,S32,6,76.0
L001801,2026-07-13,S34,2,1595.0
L001802,2026-07-13,S35,10,1469.0
L001803,2026-07-13,S35,4,1414.47
L001804,2026-07-13,S40,12,61.0
L001805,2026-07-13,S41,3,93.3
L001806,2026-07-13,S49,3,3762.0
L001807,2026-07-14,S02,17,359.0
L001808,2026-07-14,S05,218,58.36
L001809,2026-07-14,S05,514,58.88
L001810,2026-07-14,S06,174,57.14
L001811,2026-07-14,S06,150,60.0
L001812,2026-07-14,S09,119,43.0
L001813,2026-07-14,S11,2,7776.0
L001814,2026-07-14,S12,5,598.74
L001815,2026-07-14,S12,12,634.0
L001816,2026-07-14,S17,1,2784.0
L001817,2026-07-14,S18,3,4838.0
L001818,2026-07-14,S20,2,944.0
L001819,2026-07-14,S20,2,944.0
L001820,2026-07-14,S37,3,273.0
L001821,2026-07-14,S38,13,54.0
L001822,2026-07-14,S43,2,266.0
L001823,2026-07-15,S01,49,376.0
L001824,2026-07-15,S01,53,359.5
L001825,2026-07-15,S02,21,359.0
L001826,2026-07-15,S02,40,359.0
L001827,2026-07-15,S02,71,336.95
L001828,2026-07-15,S03,1,189.0
L001829,2026-07-15,S05,223,58.36
L001830,2026-07-15,S11,1,7776.0
L001831,2026-07-15,S11,1,7776.0
L001832,2026-07-15,S15,4,391.0
L001833,2026-07-15,S26,13,359.0
L001834,2026-07-15,S34,4,1505.57
L001835,2026-07-15,S37,2,273.0
L001836,2026-07-15,S40,15,59.25
L001837,2026-07-15,S46,6,324.49
L001838,2026-07-16,S01,18,360.91
L001839,2026-07-16,S05,269,60.0
L001840,2026-07-16,S07,13,77.43
L001841,2026-07-16,S09,140,43.0
L001842,2026-07-16,S09,160,43.0
L001843,2026-07-16,S11,2,7487.64
L001844,2026-07-16,S12,4,634.0
L001845,2026-07-16,S16,3,128.0
L001846,2026-07-16,S17,1,2784.0
L001847,2026-07-16,S20,3,944.0
L001848,2026-07-16,S26,2,341.69
L001849,2026-07-16,S27,1,1215.0
L001850,2026-07-16,S30,6,577.0
L001851,2026-07-16,S32,17,76.0
L001852,2026-07-16,S34,7,1595.0
L001853,2026-07-16,S36,6,2316.0
L001854,2026-07-16,S36,4,2180.08
L001855,2026-07-16,S38,7,54.0
L001856,2026-07-16,S49,5,3762.0
L001857,2026-07-17,S02,15,348.28
L001858,2026-07-17,S04,253,61.0
L001859,2026-07-17,S05,138,60.0
L001860,2026-07-17,S06,164,60.0
L001861,2026-07-17,S09,158,43.0
L001862,2026-07-17,S16,1,125.01
L001863,2026-07-17,S16,3,128.0
L001864,2026-07-17,S17,3,2784.0
L001865,2026-07-17,S19,2,1189.93
L001866,2026-07-17,S26,5,359.0
L001867,2026-07-17,S35,2,1413.81
L001868,2026-07-17,S38,29,54.0
L001869,2026-07-17,S49,3,3610.78
L001870,2026-07-18,S01,21,354.58
L001871,2026-07-18,S01,116,360.3
L001872,2026-07-18,S01,24,376.0
L001873,2026-07-18,S01,22,376.0
L001874,2026-07-18,S05,244,60.0
L001875,2026-07-18,S08,1,698.0
L001876,2026-07-18,S10,124,35.81
L001877,2026-07-18,S12,6,634.0
L001878,2026-07-18,S12,6,634.0
L001879,2026-07-18,S15,7,391.0
L001880,2026-07-18,S18,1,4838.0
L001881,2026-07-18,S21,3,510.05
L001882,2026-07-18,S26,3,359.0
L001883,2026-07-18,S36,3,2316.0
L001884,2026-07-18,S36,6,2316.0
L001885,2026-07-19,S01,19,370.04
L001886,2026-07-19,S02,18,359.0
L001887,2026-07-19,S02,10,359.0
L001888,2026-07-19,S04,99,61.0
L001889,2026-07-19,S07,6,80.0
L001890,2026-07-19,S08,1,698.0
L001891,2026-07-19,S10,165,38.0
L001892,2026-07-19,S11,2,7356.15
L001893,2026-07-19,S11,2,7318.09
L001894,2026-07-19,S15,3,376.95
L001895,2026-07-19,S20,3,925.06
L001896,2026-07-19,S31,3,356.0
L001897,2026-07-19,S31,3,349.45
L001898,2026-07-19,S31,9,335.83
L001899,2026-07-19,S33,3,160.0
L001900,2026-07-20,S02,38,359.0
L001901,2026-07-20,S04,151,61.0
L001902,2026-07-20,S04,182,61.0
L001903,2026-07-20,S06,370,60.0
L001904,2026-07-20,S06,332,58.78
L001905,2026-07-20,S10,85,38.0
L001906,2026-07-20,S10,97,38.0
L001907,2026-07-20,S13,4,471.0
L001908,2026-07-20,S14,4,1500.0
L001909,2026-07-20,S14,4,1500.0
L001910,2026-07-20,S29,4,515.14
L001911,2026-07-20,S29,3,501.95
L001912,2026-07-20,S31,8,345.1
L001913,2026-07-20,S32,23,76.0
L001914,2026-07-20,S35,4,1469.0
L001915,2026-07-20,S38,14,50.78
L001916,2026-07-20,S48,2,265.65
L001917,2026-07-20,S49,5,3762.0
L001918,2026-07-20,S50,1,3335.0
L001919,2026-07-21,S01,14,359.59
L001920,2026-07-21,S02,39,359.0
L001921,2026-07-21,S02,24,359.0
L001922,2026-07-21,S04,252,58.96
L001923,2026-07-21,S06,318,60.0
L001924,2026-07-21,S10,178,38.0
L001925,2026-07-21,S10,72,38.0
L001926,2026-07-21,S11,5,7776.0
L001927,2026-07-21,S11,2,7583.25
L001928,2026-07-21,S19,1,1173.54
L001929,2026-07-21,S22,2,112.0
L001930,2026-07-21,S23,2,951.22
L001931,2026-07-21,S25,1,3172.0
L001932,2026-07-21,S40,14,57.62
L001933,2026-07-22,S02,22,359.0
L001934,2026-07-22,S04,247,61.0
L001935,2026-07-22,S06,351,60.0
L001936,2026-07-22,S06,342,60.0
L001937,2026-07-22,S09,61,43.0
L001938,2026-07-22,S10,133,38.0
L001939,2026-07-22,S10,113,38.0
L001940,2026-07-22,S11,1,7776.0
L001941,2026-07-22,S22,2,112.0
L001942,2026-07-22,S23,2,998.0
L001943,2026-07-22,S31,6,356.0
L001944,2026-07-22,S41,3,98.0
L001945,2026-07-23,S01,41,363.57
L001946,2026-07-23,S01,21,376.0
L001947,2026-07-23,S01,35,376.0
L001948,2026-07-23,S02,15,359.0
L001949,2026-07-23,S03,4,182.22
L001950,2026-07-23,S04,171,61.0
L001951,2026-07-23,S05,261,60.0
L001952,2026-07-23,S06,257,58.27
L001953,2026-07-23,S09,74,43.0
L001954,2026-07-23,S09,74,40.76
L001955,2026-07-23,S09,179,41.95
L001956,2026-07-23,S09,254,41.84
L001957,2026-07-23,S11,1,7692.85
L001958,2026-07-23,S18,3,4838.0
L001959,2026-07-23,S19,2,1228.0
L001960,2026-07-23,S20,3,932.5
L001961,2026-07-23,S24,1,1668.05
L001962,2026-07-23,S35,2,1469.0
L001963,2026-07-23,S37,7,273.0
L001964,2026-07-23,S39,4,110.12
L001965,2026-07-23,S43,4,266.0
L001966,2026-07-24,S01,18,376.0
L001967,2026-07-24,S04,461,61.0
L001968,2026-07-24,S04,129,61.0
L001969,2026-07-24,S05,157,58.69
L001970,2026-07-24,S06,245,60.0
L001971,2026-07-24,S06,437,60.0
L001972,2026-07-24,S09,173,43.0
L001973,2026-07-24,S10,39,38.0
L001974,2026-07-24,S11,2,7582.21
L001975,2026-07-24,S11,6,7776.0
L001976,2026-07-24,S12,12,634.0
L001977,2026-07-24,S14,3,1500.0
L001978,2026-07-24,S15,4,391.0
L001979,2026-07-24,S15,4,378.25
L001980,2026-07-24,S17,1,2698.8
L001981,2026-07-24,S19,4,1228.0
L001982,2026-07-24,S20,2,944.0
L001983,2026-07-24,S25,1,3172.0
L001984,2026-07-24,S26,1,359.0
L001985,2026-07-24,S27,1,1215.0
L001986,2026-07-24,S38,7,54.0
L001987,2026-07-24,S46,1,338.0
L001988,2026-07-24,S49,2,3762.0
L001989,2026-07-25,S02,32,359.0
L001990,2026-07-25,S02,21,359.0
L001991,2026-07-25,S05,209,58.48
L001992,2026-07-25,S06,276,57.47
L001993,2026-07-25,S06,340,59.4
L001994,2026-07-25,S08,1,698.0
L001995,2026-07-25,S09,99,43.0
L001996,2026-07-25,S10,80,38.0
L001997,2026-07-25,S12,5,634.0
L001998,2026-07-25,S17,3,2578.93
L001999,2026-07-25,S23,1,998.0
L002000,2026-07-25,S23,3,998.0
L002001,2026-07-25,S35,3,1425.84
L002002,2026-07-25,S37,2,273.0
L002003,2026-07-25,S37,2,273.0
L002004,2026-07-25,S43,3,256.78
L002005,2026-07-26,S01,24,376.0
L002006,2026-07-26,S01,10,376.0
L002007,2026-07-26,S01,44,376.0
L002008,2026-07-26,S05,641,60.0
L002009,2026-07-26,S05,191,60.0
L002010,2026-07-26,S06,297,60.0
L002011,2026-07-26,S07,2,80.0
L002012,2026-07-26,S14,2,1450.65
L002013,2026-07-26,S20,8,908.63
L002014,2026-07-26,S24,1,1660.48
L002015,2026-07-26,S33,2,160.0
L002016,2026-07-26,S33,2,157.44
L002017,2026-07-26,S35,2,1418.08
L002018,2026-07-26,S38,9,51.54
L002019,2026-07-26,S38,6,54.0
L002020,2026-07-27,S01,15,376.0
L002021,2026-07-27,S04,147,61.0
L002022,2026-07-27,S04,88,61.0
L002023,2026-07-27,S05,217,60.0
L002024,2026-07-27,S06,91,60.0
L002025,2026-07-27,S09,236,42.47
L002026,2026-07-27,S25,1,3172.0
L002027,2026-07-27,S26,2,359.0
L002028,2026-07-27,S33,3,160.0
L002029,2026-07-27,S43,3,266.0
L002030,2026-07-28,S04,440,61.0
L002031,2026-07-28,S05,166,60.0
L002032,2026-07-28,S05,485,60.0
L002033,2026-07-28,S05,129,60.0
L002034,2026-07-28,S09,206,43.0
L002035,2026-07-28,S10,290,35.52
L002036,2026-07-28,S19,4,1228.0
L002037,2026-07-28,S19,1,1179.68
L002038,2026-07-28,S21,2,525.0
L002039,2026-07-28,S35,2,1469.0
L002040,2026-07-28,S41,8,94.3
L002041,2026-07-28,S44,7,87.0
L002042,2026-07-28,S44,4,87.0
L002043,2026-07-29,S01,34,376.0
L002044,2026-07-29,S02,17,350.59
L002045,2026-07-29,S04,253,58.94
L002046,2026-07-29,S04,106,61.0
L002047,2026-07-29,S05,137,56.47
L002048,2026-07-29,S06,95,60.0
L002049,2026-07-29,S06,261,60.0
L002050,2026-07-29,S07,3,80.0
L002051,2026-07-29,S10,94,38.0
L002052,2026-07-29,S10,128,38.0
L002053,2026-07-29,S19,1,1228.0
L002054,2026-07-29,S25,1,3120.43
L002055,2026-07-29,S31,6,356.0
L002056,2026-07-29,S48,6,277.0
L002057,2026-07-29,S48,3,277.0
L002058,2026-07-30,S01,11,376.0
L002059,2026-07-30,S01,31,376.0
L002060,2026-07-30,S01,28,376.0
L002061,2026-07-30,S01,14,365.45
L002062,2026-07-30,S01,40,376.0
L002063,2026-07-30,S02,15,349.17
L002064,2026-07-30,S03,2,189.0
L002065,2026-07-30,S04,201,57.35
L002066,2026-07-30,S05,245,60.0
L002067,2026-07-30,S15,2,381.78
L002068,2026-07-30,S17,2,2784.0
L002069,2026-07-30,S31,11,356.0
L002070,2026-07-30,S31,5,356.0
L002071,2026-07-30,S33,1,153.51
L002072,2026-07-30,S34,3,1595.0
L002073,2026-07-30,S36,5,2316.0
L002074,2026-07-30,S37,9,259.59
L002075,2026-07-30,S40,19,58.65
L002076,2026-07-31,S01,34,376.0
L002077,2026-07-31,S05,368,57.29
L002078,2026-07-31,S09,194,40.83
L002079,2026-07-31,S13,6,471.0
L002080,2026-07-31,S15,2,391.0
L002081,2026-07-31,S18,1,4744.8
L002082,2026-07-31,S29,3,532.0
L002083,2026-07-31,S32,5,76.0
L002084,2026-07-31,S32,13,73.22
L002085,2026-07-31,S35,3,1437.23
L002086,2026-07-31,S40,19,61.0
L002087,2026-07-31,S44,5,82.83
L002088,2026-07-31,S45,2,602.46
L002089,2026-08-01,S01,16,364.15
L002090,2026-08-01,S02,63,359.0
L002091,2026-08-01,S04,181,61.0
L002092,2026-08-01,S05,286,57.07
L002093,2026-08-01,S11,3,7292.85
L002094,2026-08-01,S11,3,7776.0
L002095,2026-08-01,S13,5,450.73
L002096,2026-08-01,S17,2,2784.0
L002097,2026-08-01,S18,1,4721.82
L002098,2026-08-01,S21,1,493.72
L002099,2026-08-01,S26,3,359.0
L002100,2026-08-01,S28,3,4704.0
L002101,2026-08-01,S31,15,346.89
L002102,2026-08-01,S35,4,1469.0
L002103,2026-08-01,S37,3,266.48
L002104,2026-08-01,S38,9,54.0
L002105,2026-08-01,S38,11,54.0
L002106,2026-08-01,S40,17,57.96
L002107,2026-08-02,S02,30,359.0
L002108,2026-08-02,S04,170,61.0
L002109,2026-08-02,S04,250,61.0
L002110,2026-08-02,S05,330,57.34
L002111,2026-08-02,S06,147,60.0
L002112,2026-08-02,S07,5,80.0
L002113,2026-08-02,S12,5,634.0
L002114,2026-08-02,S14,2,1500.0
L002115,2026-08-02,S14,5,1500.0
L002116,2026-08-02,S15,3,371.83
L002117,2026-08-02,S17,2,2784.0
L002118,2026-08-02,S29,2,532.0
L002119,2026-08-02,S32,8,76.0
L002120,2026-08-02,S34,2,1595.0
L002121,2026-08-02,S37,5,273.0
L002122,2026-08-03,S01,15,376.0
L002123,2026-08-03,S04,166,57.94
L002124,2026-08-03,S05,310,60.0
L002125,2026-08-03,S12,5,634.0
L002126,2026-08-03,S18,1,4661.94
L002127,2026-08-03,S20,3,944.0
L002128,2026-08-03,S29,2,532.0
L002129,2026-08-03,S30,4,547.24
L002130,2026-08-03,S34,3,1595.0
L002131,2026-08-03,S39,9,111.41
L002132,2026-08-04,S01,31,376.0
L002133,2026-08-04,S02,34,352.48
L002134,2026-08-04,S02,37,347.42
L002135,2026-08-04,S04,200,57.7
L002136,2026-08-04,S05,169,60.0
L002137,2026-08-04,S06,360,60.0
L002138,2026-08-04,S10,133,38.0
L002139,2026-08-04,S17,2,2784.0
L002140,2026-08-04,S33,2,157.42
L002141,2026-08-04,S43,2,266.0
L002142,2026-08-05,S02,12,349.69
L002143,2026-08-05,S02,48,359.0
L002144,2026-08-05,S02,11,359.0
L002145,2026-08-05,S04,443,59.41
L002146,2026-08-05,S04,231,61.0
L002147,2026-08-05,S05,292,60.0
L002148,2026-08-05,S07,3,80.0
L002149,2026-08-05,S09,95,43.0
L002150,2026-08-05,S09,140,43.0
L002151,2026-08-05,S09,162,43.0
L002152,2026-08-05,S10,132,36.47
L002153,2026-08-05,S11,3,7776.0
L002154,2026-08-05,S16,2,128.0
L002155,2026-08-05,S26,4,354.45
L002156,2026-08-05,S32,8,73.24
L002157,2026-08-05,S33,1,152.94
L002158,2026-08-06,S01,21,376.0
L002159,2026-08-06,S01,44,376.0
L002160,2026-08-06,S04,213,61.0
L002161,2026-08-06,S05,131,60.0
L002162,2026-08-06,S05,1253,60.0
L002163,2026-08-06,S10,93,36.71
L002164,2026-08-06,S11,3,7776.0
L002165,2026-08-06,S13,6,471.0
L002166,2026-08-06,S15,4,391.0
L002167,2026-08-06,S18,1,4838.0
L002168,2026-08-06,S22,2,112.0
L002169,2026-08-06,S23,3,998.0
L002170,2026-08-06,S29,2,532.0
L002171,2026-08-06,S30,7,577.0
L002172,2026-08-06,S35,4,1469.0
L002173,2026-08-06,S37,4,273.0
L002174,2026-08-06,S42,11,189.0
L002175,2026-08-06,S42,2,189.0
L002176,2026-08-06,S46,2,338.0
L002177,2026-08-06,S47,1,571.0
L002178,2026-08-07,S01,37,376.0
L002179,2026-08-07,S02,24,359.0
L002180,2026-08-07,S04,230,58.26
L002181,2026-08-07,S09,89,43.0
L002182,2026-08-07,S09,119,43.0
L002183,2026-08-07,S09,88,40.53
L002184,2026-08-07,S09,116,43.0
L002185,2026-08-07,S15,4,391.0
L002186,2026-08-07,S18,1,4838.0
L002187,2026-08-07,S30,3,577.0
L002188,2026-08-07,S31,7,339.59
L002189,2026-08-07,S38,26,54.0
L002190,2026-08-07,S38,14,54.0
L002191,2026-08-08,S01,31,357.7
L002192,2026-08-08,S02,22,350.16
L002193,2026-08-08,S02,21,340.08
L002194,2026-08-08,S04,118,61.0
L002195,2026-08-08,S05,337,56.33
L002196,2026-08-08,S05,132,57.14
L002197,2026-08-08,S06,154,60.0
L002198,2026-08-08,S06,103,60.0
L002199,2026-08-08,S06,459,60.0
L002200,2026-08-08,S13,3,449.69
L002201,2026-08-08,S14,5,1500.0
L002202,2026-08-08,S15,3,391.0
L002203,2026-08-08,S16,4,128.0
L002204,2026-08-08,S18,1,4560.14
L002205,2026-08-08,S21,1,495.44
L002206,2026-08-08,S30,5,577.0
L002207,2026-08-08,S33,4,151.01
L002208,2026-08-08,S35,1,1469.0
L002209,2026-08-08,S49,5,3762.0
L002210,2026-08-09,S02,20,359.0
L002211,2026-08-09,S04,405,61.0
L002212,2026-08-09,S04,224,61.0
L002213,2026-08-09,S04,496,61.0
L002214,2026-08-09,S06,639,60.0
L002215,2026-08-09,S09,115,43.0
L002216,2026-08-09,S16,6,128.0
L002217,2026-08-09,S23,1,998.0
L002218,2026-08-09,S23,2,998.0
L002219,2026-08-09,S32,12,73.73
L002220,2026-08-09,S38,7,54.0
L002221,2026-08-10,S01,15,365.1
L002222,2026-08-10,S02,8,359.0
L002223,2026-08-10,S02,19,346.77
L002224,2026-08-10,S05,332,60.0
L002225,2026-08-10,S06,509,60.0
L002226,2026-08-10,S06,665,60.0
L002227,2026-08-10,S08,4,698.0
L002228,2026-08-10,S09,158,43.0
L002229,2026-08-10,S10,66,38.0
L002230,2026-08-10,S11,1,7596.26
L002231,2026-08-10,S11,2,7776.0
L002232,2026-08-10,S12,2,624.67
L002233,2026-08-10,S13,10,471.0
L002234,2026-08-10,S23,3,998.0
L002235,2026-08-10,S23,3,998.0
L002236,2026-08-10,S35,1,1469.0
L002237,2026-08-10,S41,3,98.0
L002238,2026-08-11,S01,41,376.0
L002239,2026-08-11,S01,28,376.0
L002240,2026-08-11,S01,29,371.92
L002241,2026-08-11,S02,35,359.0
L002242,2026-08-11,S06,264,60.0
L002243,2026-08-11,S09,255,41.64
L002244,2026-08-11,S09,70,43.0
L002245,2026-08-11,S10,395,38.0
L002246,2026-08-11,S12,6,634.0
L002247,2026-08-11,S13,6,471.0
L002248,2026-08-11,S17,1,2784.0
L002249,2026-08-11,S20,2,944.0
L002250,2026-08-11,S20,4,944.0
L002251,2026-08-11,S23,2,944.69
L002252,2026-08-11,S26,4,359.0
L002253,2026-08-11,S38,11,54.0
L002254,2026-08-11,S39,3,110.82
L002255,2026-08-12,S01,11,356.69
L002256,2026-08-12,S02,13,359.0
L002257,2026-08-12,S02,14,339.69
L002258,2026-08-12,S03,2,179.05
L002259,2026-08-12,S04,416,61.0
L002260,2026-08-12,S04,207,61.0
L002261,2026-08-12,S04,109,59.57
L002262,2026-08-12,S07,5,75.48
L002263,2026-08-12,S09,87,43.0
L002264,2026-08-12,S12,4,618.49
L002265,2026-08-12,S30,6,577.0
L002266,2026-08-12,S32,6,74.69
L002267,2026-08-12,S38,15,54.0
L002268,2026-08-13,S02,13,350.49
L002269,2026-08-13,S09,304,43.0
L002270,2026-08-13,S10,314,38.0
L002271,2026-08-13,S20,2,911.36
L002272,2026-08-13,S44,4,87.0
L002273,2026-08-13,S50,1,3335.0
L002274,2026-08-14,S01,39,376.0
L002275,2026-08-14,S02,19,359.0
L002276,2026-08-14,S04,302,61.0
L002277,2026-08-14,S04,337,59.25
L002278,2026-08-14,S06,448,60.0
L002279,2026-08-14,S09,240,41.79
L002280,2026-08-14,S14,6,1500.0
L002281,2026-08-14,S14,2,1500.0
L002282,2026-08-14,S14,4,1500.0
L002283,2026-08-14,S17,1,2784.0
L002284,2026-08-14,S18,1,4838.0
L002285,2026-08-14,S24,2,1641.07
L002286,2026-08-14,S30,8,577.0
L002287,2026-08-14,S36,4,2316.0
L002288,2026-08-14,S36,3,2193.12
L002289,2026-08-14,S40,20,61.0
L002290,2026-08-14,S42,6,174.21
L002291,2026-08-15,S05,95,60.0
L002292,2026-08-15,S07,5,80.0
L002293,2026-08-15,S10,127,38.0
L002294,2026-08-15,S11,2,7446.7
L002295,2026-08-15,S26,5,359.0
L002296,2026-08-15,S38,16,52.53
L002297,2026-08-15,S44,5,87.0
L002298,2026-08-15,S46,1,338.0
L002299,2026-08-15,S49,2,3664.85
L002300,2026-08-16,S01,15,376.0
L002301,2026-08-16,S01,33,376.0
L002302,2026-08-16,S05,135,58.82
L002303,2026-08-16,S05,47,60.0
L002304,2026-08-16,S09,80,41.57
L002305,2026-08-16,S09,197,41.95
L002306,2026-08-16,S11,2,7776.0
L002307,2026-08-16,S13,5,448.57
L002308,2026-08-16,S15,4,386.49
L002309,2026-08-16,S18,2,4838.0
L002310,2026-08-16,S21,2,508.61
L002311,2026-08-16,S26,4,359.0
L002312,2026-08-16,S29,3,532.0
L002313,2026-08-16,S36,3,2316.0
L002314,2026-08-16,S38,8,50.81
L002315,2026-08-16,S39,4,117.0
L002316,2026-08-16,S39,16,117.0
L002317,2026-08-16,S45,2,621.0
L002318,2026-08-17,S02,19,359.0
L002319,2026-08-17,S04,96,59.32
L002320,2026-08-17,S06,287,57.55
L002321,2026-08-17,S06,182,58.03
L002322,2026-08-17,S09,478,39.7
L002323,2026-08-17,S18,1,4838.0
L002324,2026-08-17,S24,1,1750.0
L002325,2026-08-17,S26,2,359.0
L002326,2026-08-17,S30,4,577.0
L002327,2026-08-17,S31,7,342.75
L002328,2026-08-17,S35,1,1469.0
L002329,2026-08-17,S35,2,1469.0
L002330,2026-08-18,S02,11,359.0
L002331,2026-08-18,S02,19,359.0
L002332,2026-08-18,S10,222,38.0
L002333,2026-08-18,S12,7,634.0
L002334,2026-08-18,S12,13,610.39
L002335,2026-08-18,S14,1,1500.0
L002336,2026-08-18,S15,4,380.7
L002337,2026-08-18,S16,2,128.0
L002338,2026-08-18,S28,1,4704.0
L002339,2026-08-18,S36,7,2272.74
L002340,2026-08-18,S48,3,277.0
L002341,2026-08-19,S04,436,61.0
L002342,2026-08-19,S05,139,58.53
L002343,2026-08-19,S06,178,60.0
L002344,2026-08-19,S09,155,43.0
L002345,2026-08-19,S21,2,508.16
L002346,2026-08-19,S29,2,532.0
L002347,2026-08-19,S37,4,258.73
L002348,2026-08-19,S41,3,98.0
L002349,2026-08-19,S47,1,571.0
L002350,2026-08-20,S01,9,376.0
L002351,2026-08-20,S01,33,376.0
L002352,2026-08-20,S02,36,359.0
L002353,2026-08-20,S05,185,60.0
L002354,2026-08-20,S06,401,55.37
L002355,2026-08-20,S08,2,664.33
L002356,2026-08-20,S09,127,43.0
L002357,2026-08-20,S12,6,634.0
L002358,2026-08-20,S14,6,1500.0
L002359,2026-08-20,S18,1,4838.0
L002360,2026-08-20,S30,5,577.0
L002361,2026-08-20,S35,5,1469.0
L002362,2026-08-20,S42,4,189.0
L002363,2026-08-20,S47,1,571.0
L002364,2026-08-20,S49,4,3557.58
L002365,2026-08-21,S01,27,376.0
L002366,2026-08-21,S01,12,376.0
L002367,2026-08-21,S02,61,359.0
L002368,2026-08-21,S05,231,60.0
L002369,2026-08-21,S05,291,60.0
L002370,2026-08-21,S06,441,55.15
L002371,2026-08-21,S12,5,634.0
L002372,2026-08-21,S22,4,112.0
L002373,2026-08-21,S40,10,61.0
L002374,2026-08-21,S43,1,258.3
L002375,2026-08-22,S01,15,376.0
L002376,2026-08-22,S02,10,353.12
L002377,2026-08-22,S02,43,359.0
L002378,2026-08-22,S02,25,359.0
L002379,2026-08-22,S10,292,38.0
L002380,2026-08-22,S12,9,634.0
L002381,2026-08-22,S12,3,634.0
L002382,2026-08-22,S22,4,112.0
L002383,2026-08-22,S35,6,1469.0
L002384,2026-08-22,S37,5,273.0
L002385,2026-08-22,S41,3,98.0
L002386,2026-08-22,S41,2,98.0
L002387,2026-08-22,S43,1,260.21
L002388,2026-08-23,S01,61,353.87
L002389,2026-08-23,S02,26,343.91
L002390,2026-08-23,S02,42,336.89
L002391,2026-08-23,S05,273,57.15
L002392,2026-08-23,S05,161,58.2
L002393,2026-08-23,S06,239,60.0
L002394,2026-08-23,S07,4,80.0
L002395,2026-08-23,S10,76,36.67
L002396,2026-08-23,S10,106,38.0
L002397,2026-08-23,S12,5,634.0
L002398,2026-08-23,S13,5,471.0
L002399,2026-08-23,S21,2,498.86
L002400,2026-08-23,S36,2,2316.0
L002401,2026-08-24,S04,223,61.0
L002402,2026-08-24,S05,270,58.05
L002403,2026-08-24,S05,233,56.71
L002404,2026-08-24,S09,254,43.0
L002405,2026-08-24,S15,5,391.0
L002406,2026-08-24,S18,1,4743.91
L002407,2026-08-24,S20,2,944.0
L002408,2026-08-24,S20,3,926.11
L002409,2026-08-24,S23,2,963.36
L002410,2026-08-24,S38,11,54.0
L002411,2026-08-25,S02,24,352.85
L002412,2026-08-25,S04,247,61.0
L002413,2026-08-25,S05,196,60.0
L002414,2026-08-25,S06,668,57.49
L002415,2026-08-25,S09,76,41.05
L002416,2026-08-25,S10,111,38.0
L002417,2026-08-25,S15,6,375.81
L002418,2026-08-25,S18,1,4650.59
L002419,2026-08-25,S18,1,4838.0
L002420,2026-08-25,S32,10,74.82
L002421,2026-08-25,S38,12,54.0
L002422,2026-08-25,S45,1,621.0
L002423,2026-08-25,S45,2,621.0
L002424,2026-08-26,S01,33,376.0
L002425,2026-08-26,S08,3,698.0
L002426,2026-08-26,S10,251,38.0
L002427,2026-08-26,S11,1,7379.42
L002428,2026-08-26,S11,4,7776.0
L002429,2026-08-26,S21,3,504.08
L002430,2026-08-26,S26,4,359.0
L002431,2026-08-26,S31,15,356.0
L002432,2026-08-26,S33,3,155.12
L002433,2026-08-26,S37,3,266.77
L002434,2026-08-27,S01,27,376.0
L002435,2026-08-27,S04,563,61.0
L002436,2026-08-27,S10,161,38.0
L002437,2026-08-27,S10,122,36.69
L002438,2026-08-27,S13,3,471.0
L002439,2026-08-27,S36,3,2179.95
L002440,2026-08-27,S37,1,259.77
L002441,2026-08-27,S46,1,326.23
L002442,2026-08-28,S02,10,342.38
L002443,2026-08-28,S03,1,189.0
L002444,2026-08-28,S04,137,61.0
L002445,2026-08-28,S05,274,60.0
L002446,2026-08-28,S06,482,60.0
L002447,2026-08-28,S07,5,75.39
L002448,2026-08-28,S09,194,43.0
L002449,2026-08-28,S10,70,37.54
L002450,2026-08-28,S10,73,37.16
L002451,2026-08-28,S20,2,944.0
L002452,2026-08-29,S01,20,376.0
L002453,2026-08-29,S02,24,352.05
L002454,2026-08-29,S02,28,359.0
L002455,2026-08-29,S06,171,60.0
L002456,2026-08-29,S07,9,80.0
L002457,2026-08-29,S07,12,76.14
L002458,2026-08-29,S09,117,43.0
L002459,2026-08-29,S10,64,38.0
L002460,2026-08-29,S11,2,7776.0
L002461,2026-08-29,S11,1,7481.09
L002462,2026-08-29,S12,6,634.0
L002463,2026-08-29,S37,3,273.0
L002464,2026-08-29,S39,5,117.0
L002465,2026-08-29,S41,5,98.0
L002466,2026-08-30,S01,15,376.0
L002467,2026-08-30,S02,15,359.0
L002468,2026-08-30,S14,1,1500.0
L002469,2026-08-30,S15,7,358.1
L002470,2026-08-30,S21,5,525.0
L002471,2026-08-30,S31,10,356.0
L002472,2026-08-30,S34,4,1595.0
L002473,2026-08-30,S35,3,1469.0
L002474,2026-08-30,S41,4,98.0
L002475,2026-08-30,S42,5,180.24
L002476,2026-08-30,S48,4,277.0
L002477,2026-08-31,S01,42,376.0
L002478,2026-08-31,S02,32,359.0
L002479,2026-08-31,S09,196,43.0
L002480,2026-08-31,S32,5,76.0
L002481,2026-08-31,S35,1,1429.03
L002482,2026-08-31,S36,2,2181.91
L002483,2026-08-31,S43,5,266.0
L002484,2026-09-01,S01,32,376.0
L002485,2026-09-01,S01,19,376.0
L002486,2026-09-01,S02,13,353.86
L002487,2026-09-01,S02,19,352.68
L002488,2026-09-01,S09,136,43.0
L002489,2026-09-01,S10,207,38.0
L002490,2026-09-01,S10,61,38.0
L002491,2026-09-01,S15,3,385.91
L002492,2026-09-01,S17,1,2784.0
L002493,2026-09-01,S19,2,1165.47
L002494,2026-09-01,S22,2,105.87
L002495,2026-09-01,S26,8,359.0
L002496,2026-09-01,S30,6,565.9
L002497,2026-09-01,S36,3,2316.0
L002498,2026-09-01,S38,8,54.0
L002499,2026-09-01,S38,4,54.0
L002500,2026-09-02,S01,20,376.0
L002501,2026-09-02,S01,25,362.92
L002502,2026-09-02,S02,20,359.0
L002503,2026-09-02,S02,9,359.0
L002504,2026-09-02,S04,266,61.0
L002505,2026-09-02,S09,161,43.0
L002506,2026-09-02,S11,4,7776.0
L002507,2026-09-02,S13,9,471.0
L002508,2026-09-02,S21,1,525.0
L002509,2026-09-02,S22,2,110.75
L002510,2026-09-02,S31,19,331.37
L002511,2026-09-02,S33,5,160.0
L002512,2026-09-02,S49,2,3762.0
L002513,2026-09-03,S01,30,364.31
L002514,2026-09-03,S01,41,369.78
L002515,2026-09-03,S02,52,346.34
L002516,2026-09-03,S02,19,350.49
L002517,2026-09-03,S04,137,61.0
L002518,2026-09-03,S04,171,61.0
L002519,2026-09-03,S05,97,56.56
L002520,2026-09-03,S05,119,59.11
L002521,2026-09-03,S05,422,60.0
L002522,2026-09-03,S09,210,41.03
L002523,2026-09-03,S10,54,36.8
L002524,2026-09-03,S10,304,37.04
L002525,2026-09-03,S10,92,38.0
L002526,2026-09-03,S13,3,457.42
L002527,2026-09-03,S14,9,1448.15
L002528,2026-09-03,S14,12,1500.0
L002529,2026-09-03,S23,1,998.0
L002530,2026-09-03,S30,9,577.0
L002531,2026-09-03,S32,9,76.0
L002532,2026-09-03,S35,3,1416.09
L002533,2026-09-03,S39,5,117.0
L002534,2026-09-04,S02,25,348.05
L002535,2026-09-04,S02,42,350.72
L002536,2026-09-04,S05,322,60.0
L002537,2026-09-04,S05,176,58.12
L002538,2026-09-04,S09,76,41.15
L002539,2026-09-04,S10,404,36.21
L002540,2026-09-04,S14,4,1413.75
L002541,2026-09-04,S19,2,1228.0
L002542,2026-09-04,S36,11,2113.63
L002543,2026-09-04,S40,19,58.68
L002544,2026-09-04,S40,29,58.33
L002545,2026-09-05,S01,23,362.89
L002546,2026-09-05,S02,21,359.0
L002547,2026-09-05,S02,11,359.0
L002548,2026-09-05,S02,26,340.01
L002549,2026-09-05,S04,338,56.68
L002550,2026-09-05,S05,243,56.84
L002551,2026-09-05,S06,384,58.77
L002552,2026-09-05,S07,4,80.0
L002553,2026-09-05,S09,224,43.0
L002554,2026-09-05,S11,2,7776.0
L002555,2026-09-05,S15,2,391.0
L002556,2026-09-05,S29,2,514.74
L002557,2026-09-05,S31,4,356.0
L002558,2026-09-05,S32,4,76.0
L002559,2026-09-05,S50,2,3296.26
L002560,2026-09-06,S01,32,376.0
L002561,2026-09-06,S01,42,355.11
L002562,2026-09-06,S09,155,41.31
L002563,2026-09-06,S14,2,1500.0
L002564,2026-09-06,S14,4,1454.05
L002565,2026-09-06,S16,7,128.0
L002566,2026-09-06,S18,2,4748.65
L002567,2026-09-06,S19,2,1228.0
L002568,2026-09-06,S21,3,525.0
L002569,2026-09-06,S24,1,1750.0
L002570,2026-09-06,S31,6,356.0
L002571,2026-09-06,S32,8,73.18
L002572,2026-09-06,S34,5,1595.0
L002573,2026-09-06,S37,3,273.0
L002574,2026-09-06,S38,10,54.0
L002575,2026-09-06,S41,6,94.8
L002576,2026-09-06,S42,5,189.0
L002577,2026-09-06,S43,2,266.0
L002578,2026-09-07,S01,38,376.0
L002579,2026-09-07,S01,14,376.0
L002580,2026-09-07,S02,30,341.37
L002581,2026-09-07,S03,4,189.0
L002582,2026-09-07,S06,762,60.0
L002583,2026-09-07,S06,173,60.0
L002584,2026-09-07,S06,164,60.0
L002585,2026-09-07,S10,242,38.0
L002586,2026-09-07,S12,6,634.0
L002587,2026-09-07,S19,2,1161.38
L002588,2026-09-07,S20,4,944.0
L002589,2026-09-07,S25,1,3172.0
L002590,2026-09-07,S30,8,577.0
L002591,2026-09-07,S32,7,76.0
L002592,2026-09-07,S33,4,160.0
L002593,2026-09-08,S01,23,376.0
L002594,2026-09-08,S02,26,359.0
L002595,2026-09-08,S06,245,60.0
L002596,2026-09-08,S07,4,77.92
L002597,2026-09-08,S09,143,43.0
L002598,2026-09-08,S11,1,7641.54
L002599,2026-09-08,S11,2,7633.94
L002600,2026-09-08,S17,1,2784.0
L002601,2026-09-08,S19,1,1228.0
L002602,2026-09-08,S20,2,944.0
L002603,2026-09-08,S27,1,1215.0
L002604,2026-09-08,S34,2,1595.0
L002605,2026-09-09,S01,35,376.0
L002606,2026-09-09,S01,40,376.0
L002607,2026-09-09,S02,23,359.0
L002608,2026-09-09,S02,13,359.0
L002609,2026-09-09,S02,26,359.0
L002610,2026-09-09,S04,345,58.58
L002611,2026-09-09,S11,2,7776.0
L002612,2026-09-09,S18,2,4838.0
L002613,2026-09-09,S32,14,76.0
L002614,2026-09-09,S39,5,111.94
L002615,2026-09-10,S05,151,60.0
L002616,2026-09-10,S06,197,60.0
L002617,2026-09-10,S10,118,38.0
L002618,2026-09-10,S10,195,35.01
L002619,2026-09-10,S13,9,471.0
L002620,2026-09-10,S13,11,471.0
L002621,2026-09-10,S13,4,461.31
L002622,2026-09-10,S17,1,2784.0
L002623,2026-09-10,S17,1,2784.0
L002624,2026-09-10,S18,2,4669.51
L002625,2026-09-10,S31,4,356.0
L002626,2026-09-10,S32,7,72.62
L002627,2026-09-10,S38,6,54.0
L002628,2026-09-11,S02,49,359.0
L002629,2026-09-11,S02,17,359.0
L002630,2026-09-11,S02,51,359.0
L002631,2026-09-11,S09,101,40.46
L002632,2026-09-11,S13,15,471.0
L002633,2026-09-11,S14,6,1500.0
L002634,2026-09-11,S35,6,1469.0
L002635,2026-09-11,S42,7,174.81
L002636,2026-09-12,S01,24,366.1
L002637,2026-09-12,S03,1,189.0
L002638,2026-09-12,S04,65,58.71
L002639,2026-09-12,S06,285,60.0
L002640,2026-09-12,S09,171,43.0
L002641,2026-09-12,S18,1,4838.0
L002642,2026-09-12,S24,1,1703.11
L002643,2026-09-12,S29,1,512.81
L002644,2026-09-12,S31,5,356.0
L002645,2026-09-12,S32,4,76.0
L002646,2026-09-12,S43,2,266.0
L002647,2026-09-12,S43,3,251.28
L002648,2026-09-13,S01,17,353.71
L002649,2026-09-13,S01,57,376.0
L002650,2026-09-13,S01,14,376.0
L002651,2026-09-13,S02,16,359.0
L002652,2026-09-13,S06,204,60.0
L002653,2026-09-13,S06,665,60.0
L002654,2026-09-13,S06,395,56.91
L002655,2026-09-13,S07,7,80.0
L002656,2026-09-13,S15,6,391.0
L002657,2026-09-13,S16,3,120.65
L002658,2026-09-13,S26,1,352.09
L002659,2026-09-13,S30,3,577.0
L002660,2026-09-13,S31,11,335.67
L002661,2026-09-13,S35,5,1469.0
L002662,2026-09-13,S35,5,1469.0
L002663,2026-09-13,S36,2,2195.82
L002664,2026-09-14,S02,12,339.49
L002665,2026-09-14,S04,209,61.0
L002666,2026-09-14,S05,298,58.54
L002667,2026-09-14,S06,247,60.0
L002668,2026-09-14,S06,301,57.93
L002669,2026-09-14,S09,118,41.23
L002670,2026-09-14,S09,174,43.0
L002671,2026-09-14,S09,215,42.3
L002672,2026-09-14,S09,244,43.0
L002673,2026-09-14,S10,123,38.0
L002674,2026-09-14,S15,7,391.0
L002675,2026-09-14,S17,2,2784.0
L002676,2026-09-14,S18,2,4622.56
L002677,2026-09-14,S33,3,158.11
L002678,2026-09-14,S33,1,160.0
L002679,2026-09-14,S34,3,1595.0
L002680,2026-09-14,S42,6,189.0
L002681,2026-09-15,S01,24,376.0
L002682,2026-09-15,S02,24,359.0
L002683,2026-09-15,S04,248,57.93
L002684,2026-09-15,S04,169,58.85
L002685,2026-09-15,S06,240,56.71
L002686,2026-09-15,S09,169,43.0
L002687,2026-09-15,S11,4,7776.0
L002688,2026-09-15,S13,4,471.0
L002689,2026-09-15,S14,3,1500.0
L002690,2026-09-15,S24,1,1750.0
L002691,2026-09-15,S31,8,336.08
L002692,2026-09-15,S33,4,155.42
L002693,2026-09-15,S35,3,1446.97
L002694,2026-09-15,S44,9,87.0
L002695,2026-09-16,S02,45,359.0
L002696,2026-09-16,S02,13,359.0
L002697,2026-09-16,S04,121,61.0
L002698,2026-09-16,S05,182,57.15
L002699,2026-09-16,S06,372,60.0
L002700,2026-09-16,S09,170,41.06
L002701,2026-09-16,S11,4,7401.5
L002702,2026-09-16,S11,2,7776.0
L002703,2026-09-16,S12,5,619.31
L002704,2026-09-16,S13,7,471.0
L002705,2026-09-16,S22,2,112.0
L002706,2026-09-16,S23,2,998.0
L002707,2026-09-16,S31,3,356.0
L002708,2026-09-16,S35,5,1469.0
L002709,2026-09-16,S44,3,81.95
L002710,2026-09-16,S49,6,3762.0
L002711,2026-09-17,S01,33,360.37
L002712,2026-09-17,S02,25,350.5
L002713,2026-09-17,S02,41,359.0
L002714,2026-09-17,S02,30,359.0
L002715,2026-09-17,S10,160,37.33
L002716,2026-09-17,S10,127,38.0
L002717,2026-09-17,S11,7,7270.46
L002718,2026-09-17,S20,4,944.0
L002719,2026-09-17,S24,2,1678.98
L002720,2026-09-17,S40,17,59.78
L002721,2026-09-17,S48,5,263.34
L002722,2026-09-18,S02,77,330.85
L002723,2026-09-18,S02,23,359.0
L002724,2026-09-18,S07,6,75.87
L002725,2026-09-18,S13,3,471.0
L002726,2026-09-18,S16,5,128.0
L002727,2026-09-18,S19,1,1164.78
L002728,2026-09-18,S20,2,944.0
L002729,2026-09-18,S32,10,73.37
L002730,2026-09-18,S35,3,1469.0
L002731,2026-09-18,S40,26,59.12
L002732,2026-09-18,S41,4,95.52
L002733,2026-09-18,S41,5,98.0
L002734,2026-09-19,S01,28,376.0
L002735,2026-09-19,S02,29,359.0
L002736,2026-09-19,S06,198,60.0
L002737,2026-09-19,S13,13,471.0
L002738,2026-09-19,S18,2,4838.0
L002739,2026-09-19,S18,3,4838.0
L002740,2026-09-19,S23,2,998.0
L002741,2026-09-19,S31,10,350.63
L002742,2026-09-19,S32,7,74.04
L002743,2026-09-19,S37,4,273.0
L002744,2026-09-19,S48,8,277.0
L002745,2026-09-20,S01,16,376.0
L002746,2026-09-20,S02,28,342.71
L002747,2026-09-20,S02,31,359.0
L002748,2026-09-20,S05,118,60.0
L002749,2026-09-20,S05,209,56.84
L002750,2026-09-20,S18,1,4838.0
L002751,2026-09-20,S26,2,359.0
L002752,2026-09-20,S35,4,1388.6
L002753,2026-09-20,S50,2,3335.0
L002754,2026-09-21,S01,24,376.0
L002755,2026-09-21,S02,27,344.06
L002756,2026-09-21,S06,176,60.0
L002757,2026-09-21,S09,235,43.0
L002758,2026-09-21,S13,6,471.0
L002759,2026-09-21,S29,2,532.0
L002760,2026-09-21,S32,5,71.69
L002761,2026-09-21,S36,5,2316.0
L002762,2026-09-21,S48,3,277.0
L002763,2026-09-22,S08,2,698.0
L002764,2026-09-22,S09,132,43.0
L002765,2026-09-22,S09,241,41.36
L002766,2026-09-22,S10,293,38.0
L002767,2026-09-22,S17,1,2701.72
L002768,2026-09-22,S18,3,4838.0
L002769,2026-09-22,S30,6,577.0
L002770,2026-09-23,S02,30,359.0
L002771,2026-09-23,S02,23,359.0
L002772,2026-09-23,S02,26,340.21
L002773,2026-09-23,S02,18,346.36
L002774,2026-09-23,S04,275,61.0
L002775,2026-09-23,S04,116,61.0
L002776,2026-09-23,S05,144,56.95
L002777,2026-09-23,S05,294,59.14
L002778,2026-09-23,S06,284,60.0
L002779,2026-09-23,S06,468,60.0
L002780,2026-09-23,S09,97,43.0
L002781,2026-09-23,S19,1,1228.0
L002782,2026-09-23,S29,1,532.0
L002783,2026-09-23,S35,2,1441.37
L002784,2026-09-23,S36,5,2316.0
L002785,2026-09-23,S38,4,52.4
L002786,2026-09-23,S38,22,54.0
L002787,2026-09-23,S40,32,56.0
L002788,2026-09-24,S01,17,366.75
L002789,2026-09-24,S02,61,338.7
L002790,2026-09-24,S02,14,359.0
L002791,2026-09-24,S02,40,359.0
L002792,2026-09-24,S11,1,7776.0
L002793,2026-09-24,S11,2,7776.0
L002794,2026-09-24,S12,9,599.23
L002795,2026-09-24,S21,2,525.0
L002796,2026-09-24,S31,34,356.0
L002797,2026-09-24,S32,13,76.0
L002798,2026-09-24,S32,7,76.0
L002799,2026-09-25,S01,15,376.0
L002800,2026-09-25,S01,23,376.0
L002801,2026-09-25,S01,28,376.0
L002802,2026-09-25,S01,12,376.0
L002803,2026-09-25,S02,23,359.0
L002804,2026-09-25,S02,17,343.25
L002805,2026-09-25,S04,358,61.0
L002806,2026-09-25,S04,321,61.0
L002807,2026-09-25,S05,206,60.0
L002808,2026-09-25,S05,268,56.93
L002809,2026-09-25,S05,286,60.0
L002810,2026-09-25,S10,62,38.0
L002811,2026-09-25,S17,1,2784.0
L002812,2026-09-25,S26,1,359.0
L002813,2026-09-25,S30,18,556.72
L002814,2026-09-25,S31,11,345.65
L002815,2026-09-25,S32,23,70.65
L002816,2026-09-25,S37,6,273.0
L002817,2026-09-25,S49,9,3762.0
L002818,2026-09-26,S01,26,376.0
L002819,2026-09-26,S02,32,359.0
L002820,2026-09-26,S02,15,341.4
L002821,2026-09-26,S04,230,61.0
L002822,2026-09-26,S04,108,61.0
L002823,2026-09-26,S06,163,59.34
L002824,2026-09-26,S06,274,60.0
L002825,2026-09-26,S14,3,1500.0
L002826,2026-09-26,S41,3,98.0
L002827,2026-09-26,S47,1,571.0
L002828,2026-09-27,S01,10,376.0
L002829,2026-09-27,S02,41,359.0
L002830,2026-09-27,S02,22,359.0
L002831,2026-09-27,S05,258,57.6
L002832,2026-09-27,S07,2,80.0
L002833,2026-09-27,S10,107,38.0
L002834,2026-09-27,S10,130,38.0
L002835,2026-09-27,S10,185,36.77
L002836,2026-09-27,S15,3,369.45
L002837,2026-09-27,S31,8,356.0
L002838,2026-09-27,S33,5,150.81
L002839,2026-09-27,S39,4,117.0
L002840,2026-09-27,S40,31,58.31
L002841,2026-09-28,S01,22,376.0
L002842,2026-09-28,S01,16,376.0
L002843,2026-09-28,S02,67,359.0
L002844,2026-09-28,S04,163,61.0
L002845,2026-09-28,S09,260,43.0
L002846,2026-09-28,S12,6,601.85
L002847,2026-09-28,S13,7,463.37
L002848,2026-09-28,S13,6,471.0
L002849,2026-09-28,S19,1,1228.0
L002850,2026-09-28,S24,1,1750.0
L002851,2026-09-28,S33,2,160.0
L002852,2026-09-28,S33,5,156.48
L002853,2026-09-28,S35,4,1426.5
L002854,2026-09-28,S36,2,2316.0
L002855,2026-09-28,S37,6,256.46
L002856,2026-09-28,S43,2,252.51
L002857,2026-09-28,S44,10,87.0
L002858,2026-09-28,S48,4,277.0
L002859,2026-09-28,S49,2,3762.0
L002860,2026-09-29,S01,43,364.78
L002861,2026-09-29,S05,230,58.0
L002862,2026-09-29,S05,245,60.0
L002863,2026-09-29,S06,233,57.48
L002864,2026-09-29,S11,3,7776.0
L002865,2026-09-29,S15,2,391.0
L002866,2026-09-29,S40,5,61.0
L002867,2026-09-29,S47,1,571.0
L002868,2026-09-30,S03,2,189.0
L002869,2026-09-30,S05,126,60.0
L002870,2026-09-30,S07,3,77.73
L002871,2026-09-30,S08,2,698.0
L002872,2026-09-30,S09,125,43.0
L002873,2026-09-30,S09,120,43.0
L002874,2026-09-30,S10,92,36.5
L002875,2026-09-30,S13,13,471.0
L002876,2026-09-30,S13,3,471.0
L002877,2026-09-30,S13,6,471.0
L002878,2026-09-30,S32,10,76.0
L002879,2026-09-30,S41,5,98.0
L002880,2026-09-30,S44,2,87.0
L002881,2026-09-30,S49,4,3762.0
L002882,2026-09-30,S49,4,3704.32
