po_id,supplier_id,supplier_name,category,order_date,promised_days,received_date,po_value
PO0001,SUP01,Sharma Cement Traders,Cement,2025-10-01,3,2025-10-04,77000
PO0373,SUP07,Khan Sanitaryware,Sanitary,2025-10-01,8,2025-10-10,103000
PO0254,SUP05,Singh Pipes & Fittings,Plumbing,2025-10-02,4,2025-10-06,66500
PO0424,SUP08,Yadav Hardware Mart,Hardware,2025-10-02,3,2025-10-06,28000
PO0002,SUP01,Sharma Cement Traders,Cement,2025-10-03,3,2025-10-08,108000
PO0070,SUP02,Rao Steel Wholesale,Steel,2025-10-06,5,2025-10-10,293300
PO0188,SUP04,Verma Paint Dealers,Paint,2025-10-06,4,2025-10-10,105800
PO0255,SUP05,Singh Pipes & Fittings,Plumbing,2025-10-06,4,2025-10-10,68800
PO0131,SUP03,Gupta Tile House,Tiles,2025-10-07,7,2025-10-15,141400
PO0003,SUP01,Sharma Cement Traders,Cement,2025-10-08,3,2025-10-11,126400
PO0189,SUP04,Verma Paint Dealers,Paint,2025-10-08,4,2025-10-12,72100
PO0315,SUP06,Mishra Electricals,Electrical,2025-10-08,5,2025-10-14,40400
PO0004,SUP01,Sharma Cement Traders,Cement,2025-10-09,3,2025-10-11,91100
PO0425,SUP08,Yadav Hardware Mart,Hardware,2025-10-10,3,2025-10-14,20100
PO0071,SUP02,Rao Steel Wholesale,Steel,2025-10-12,5,2025-10-17,318400
PO0132,SUP03,Gupta Tile House,Tiles,2025-10-12,7,2025-10-18,86500
PO0256,SUP05,Singh Pipes & Fittings,Plumbing,2025-10-12,4,2025-10-16,61400
PO0257,SUP05,Singh Pipes & Fittings,Plumbing,2025-10-13,4,2025-10-18,49200
PO0374,SUP07,Khan Sanitaryware,Sanitary,2025-10-13,8,2025-10-20,92300
PO0190,SUP04,Verma Paint Dealers,Paint,2025-10-14,4,2025-10-18,61100
PO0258,SUP05,Singh Pipes & Fittings,Plumbing,2025-10-14,4,2025-10-19,71100
PO0005,SUP01,Sharma Cement Traders,Cement,2025-10-16,3,2025-10-19,101900
PO0072,SUP02,Rao Steel Wholesale,Steel,2025-10-16,5,2025-10-21,315700
PO0133,SUP03,Gupta Tile House,Tiles,2025-10-16,7,2025-10-23,145400
PO0375,SUP07,Khan Sanitaryware,Sanitary,2025-10-16,8,2025-10-26,103000
PO0426,SUP08,Yadav Hardware Mart,Hardware,2025-10-16,3,2025-10-19,40700
PO0316,SUP06,Mishra Electricals,Electrical,2025-10-17,5,2025-10-22,37600
PO0427,SUP08,Yadav Hardware Mart,Hardware,2025-10-18,3,2025-10-22,40200
PO0006,SUP01,Sharma Cement Traders,Cement,2025-10-19,3,2025-10-21,73500
PO0134,SUP03,Gupta Tile House,Tiles,2025-10-19,7,2025-10-25,93800
PO0317,SUP06,Mishra Electricals,Electrical,2025-10-19,5,2025-10-24,52300
PO0073,SUP02,Rao Steel Wholesale,Steel,2025-10-21,5,2025-10-26,205600
PO0428,SUP08,Yadav Hardware Mart,Hardware,2025-10-21,3,2025-10-24,32000
PO0007,SUP01,Sharma Cement Traders,Cement,2025-10-22,3,2025-10-24,84900
PO0191,SUP04,Verma Paint Dealers,Paint,2025-10-22,4,2025-10-26,112300
PO0429,SUP08,Yadav Hardware Mart,Hardware,2025-10-22,3,2025-10-25,41900
PO0192,SUP04,Verma Paint Dealers,Paint,2025-10-24,4,2025-10-28,123100
PO0259,SUP05,Singh Pipes & Fittings,Plumbing,2025-10-24,4,2025-10-27,50600
PO0376,SUP07,Khan Sanitaryware,Sanitary,2025-10-24,8,2025-11-02,105600
PO0193,SUP04,Verma Paint Dealers,Paint,2025-10-26,4,2025-10-30,71700
PO0194,SUP04,Verma Paint Dealers,Paint,2025-10-28,4,2025-11-01,84000
PO0430,SUP08,Yadav Hardware Mart,Hardware,2025-10-28,3,2025-10-31,39900
PO0195,SUP04,Verma Paint Dealers,Paint,2025-10-30,4,2025-11-03,62500
PO0260,SUP05,Singh Pipes & Fittings,Plumbing,2025-10-30,4,2025-11-04,79800
PO0008,SUP01,Sharma Cement Traders,Cement,2025-10-31,3,2025-11-04,139900
PO0431,SUP08,Yadav Hardware Mart,Hardware,2025-11-01,3,2025-11-03,39200
PO0009,SUP01,Sharma Cement Traders,Cement,2025-11-02,3,2025-11-06,118700
PO0074,SUP02,Rao Steel Wholesale,Steel,2025-11-02,5,2025-11-06,206200
PO0261,SUP05,Singh Pipes & Fittings,Plumbing,2025-11-02,4,2025-11-07,72200
PO0377,SUP07,Khan Sanitaryware,Sanitary,2025-11-02,8,2025-11-13,92700
PO0135,SUP03,Gupta Tile House,Tiles,2025-11-03,7,2025-11-10,85200
PO0010,SUP01,Sharma Cement Traders,Cement,2025-11-04,3,2025-11-07,137500
PO0011,SUP01,Sharma Cement Traders,Cement,2025-11-05,3,2025-11-08,166600
PO0378,SUP07,Khan Sanitaryware,Sanitary,2025-11-05,8,2025-11-13,83800
PO0379,SUP07,Khan Sanitaryware,Sanitary,2025-11-06,8,2025-11-12,108800
PO0196,SUP04,Verma Paint Dealers,Paint,2025-11-07,4,2025-11-12,65100
PO0262,SUP05,Singh Pipes & Fittings,Plumbing,2025-11-07,4,2025-11-12,74400
PO0318,SUP06,Mishra Electricals,Electrical,2025-11-07,5,2025-11-13,38200
PO0432,SUP08,Yadav Hardware Mart,Hardware,2025-11-07,3,2025-11-10,38600
PO0197,SUP04,Verma Paint Dealers,Paint,2025-11-09,4,2025-11-13,80200
PO0433,SUP08,Yadav Hardware Mart,Hardware,2025-11-09,3,2025-11-12,40500
PO0263,SUP05,Singh Pipes & Fittings,Plumbing,2025-11-11,4,2025-11-15,51000
PO0012,SUP01,Sharma Cement Traders,Cement,2025-11-12,3,2025-11-16,145900
PO0075,SUP02,Rao Steel Wholesale,Steel,2025-11-12,5,2025-11-17,220800
PO0013,SUP01,Sharma Cement Traders,Cement,2025-11-13,3,2025-11-15,109900
PO0264,SUP05,Singh Pipes & Fittings,Plumbing,2025-11-13,4,2025-11-17,64200
PO0076,SUP02,Rao Steel Wholesale,Steel,2025-11-14,5,2025-11-19,278200
PO0319,SUP06,Mishra Electricals,Electrical,2025-11-14,5,2025-11-19,34100
PO0265,SUP05,Singh Pipes & Fittings,Plumbing,2025-11-15,4,2025-11-20,64800
PO0434,SUP08,Yadav Hardware Mart,Hardware,2025-11-15,3,2025-11-18,19200
PO0014,SUP01,Sharma Cement Traders,Cement,2025-11-16,3,2025-11-19,167000
PO0320,SUP06,Mishra Electricals,Electrical,2025-11-16,5,2025-11-22,58500
PO0435,SUP08,Yadav Hardware Mart,Hardware,2025-11-16,3,2025-11-20,28000
PO0136,SUP03,Gupta Tile House,Tiles,2025-11-17,7,2025-11-26,153900
PO0321,SUP06,Mishra Electricals,Electrical,2025-11-17,5,2025-11-22,41900
PO0015,SUP01,Sharma Cement Traders,Cement,2025-11-18,3,2025-11-22,165600
PO0322,SUP06,Mishra Electricals,Electrical,2025-11-18,5,2025-11-24,39400
PO0266,SUP05,Singh Pipes & Fittings,Plumbing,2025-11-19,4,2025-11-22,57200
PO0198,SUP04,Verma Paint Dealers,Paint,2025-11-20,4,2025-11-25,97300
PO0380,SUP07,Khan Sanitaryware,Sanitary,2025-11-20,8,2025-11-28,110500
PO0199,SUP04,Verma Paint Dealers,Paint,2025-11-21,4,2025-11-26,100100
PO0323,SUP06,Mishra Electricals,Electrical,2025-11-21,5,2025-11-25,53000
PO0324,SUP06,Mishra Electricals,Electrical,2025-11-22,5,2025-11-27,37900
PO0137,SUP03,Gupta Tile House,Tiles,2025-11-23,7,2025-12-01,87100
PO0267,SUP05,Singh Pipes & Fittings,Plumbing,2025-11-23,4,2025-11-27,78900
PO0381,SUP07,Khan Sanitaryware,Sanitary,2025-11-23,8,2025-11-30,100300
PO0016,SUP01,Sharma Cement Traders,Cement,2025-11-25,3,2025-11-28,128900
PO0138,SUP03,Gupta Tile House,Tiles,2025-11-25,7,2025-12-02,129900
PO0268,SUP05,Singh Pipes & Fittings,Plumbing,2025-11-26,4,2025-11-29,81000
PO0325,SUP06,Mishra Electricals,Electrical,2025-11-26,5,2025-12-04,58300
PO0077,SUP02,Rao Steel Wholesale,Steel,2025-11-27,5,2025-12-02,231000
PO0436,SUP08,Yadav Hardware Mart,Hardware,2025-11-28,3,2025-12-01,37300
PO0139,SUP03,Gupta Tile House,Tiles,2025-12-02,7,2025-12-10,139200
PO0382,SUP07,Khan Sanitaryware,Sanitary,2025-12-02,8,2025-12-08,109500
PO0326,SUP06,Mishra Electricals,Electrical,2025-12-03,5,2025-12-07,67400
PO0383,SUP07,Khan Sanitaryware,Sanitary,2025-12-03,8,2025-12-11,104300
PO0140,SUP03,Gupta Tile House,Tiles,2025-12-05,7,2025-12-13,103100
PO0437,SUP08,Yadav Hardware Mart,Hardware,2025-12-05,3,2025-12-09,29500
PO0141,SUP03,Gupta Tile House,Tiles,2025-12-06,7,2025-12-14,101400
PO0384,SUP07,Khan Sanitaryware,Sanitary,2025-12-06,8,2025-12-16,69400
PO0327,SUP06,Mishra Electricals,Electrical,2025-12-07,5,2025-12-12,56400
PO0078,SUP02,Rao Steel Wholesale,Steel,2025-12-08,5,2025-12-14,203300
PO0438,SUP08,Yadav Hardware Mart,Hardware,2025-12-08,3,2025-12-10,36200
PO0079,SUP02,Rao Steel Wholesale,Steel,2025-12-09,5,2025-12-16,305900
PO0269,SUP05,Singh Pipes & Fittings,Plumbing,2025-12-09,4,2025-12-14,66100
PO0328,SUP06,Mishra Electricals,Electrical,2025-12-11,5,2025-12-16,61100
PO0017,SUP01,Sharma Cement Traders,Cement,2025-12-12,3,2025-12-15,90000
PO0329,SUP06,Mishra Electricals,Electrical,2025-12-12,5,2025-12-18,46700
PO0385,SUP07,Khan Sanitaryware,Sanitary,2025-12-12,8,2025-12-24,74600
PO0439,SUP08,Yadav Hardware Mart,Hardware,2025-12-12,3,2025-12-15,29300
PO0080,SUP02,Rao Steel Wholesale,Steel,2025-12-13,5,2025-12-19,173100
PO0270,SUP05,Singh Pipes & Fittings,Plumbing,2025-12-13,4,2025-12-18,77000
PO0386,SUP07,Khan Sanitaryware,Sanitary,2025-12-13,8,2025-12-20,58800
PO0271,SUP05,Singh Pipes & Fittings,Plumbing,2025-12-14,4,2025-12-18,59300
PO0440,SUP08,Yadav Hardware Mart,Hardware,2025-12-14,3,2025-12-16,22400
PO0330,SUP06,Mishra Electricals,Electrical,2025-12-15,5,2025-12-21,43300
PO0142,SUP03,Gupta Tile House,Tiles,2025-12-19,7,2025-12-26,126300
PO0018,SUP01,Sharma Cement Traders,Cement,2025-12-20,3,2025-12-23,167600
PO0200,SUP04,Verma Paint Dealers,Paint,2025-12-20,4,2025-12-24,107600
PO0331,SUP06,Mishra Electricals,Electrical,2025-12-20,5,2025-12-27,40600
PO0143,SUP03,Gupta Tile House,Tiles,2025-12-21,7,2025-12-29,126000
PO0201,SUP04,Verma Paint Dealers,Paint,2025-12-21,4,2025-12-25,112700
PO0272,SUP05,Singh Pipes & Fittings,Plumbing,2025-12-21,4,2025-12-24,67700
PO0441,SUP08,Yadav Hardware Mart,Hardware,2025-12-21,3,2025-12-24,29700
PO0387,SUP07,Khan Sanitaryware,Sanitary,2025-12-24,8,2026-01-02,92200
PO0144,SUP03,Gupta Tile House,Tiles,2025-12-25,7,2026-01-02,146200
PO0081,SUP02,Rao Steel Wholesale,Steel,2025-12-26,5,2025-12-30,171800
PO0202,SUP04,Verma Paint Dealers,Paint,2025-12-26,4,2025-12-31,63300
PO0442,SUP08,Yadav Hardware Mart,Hardware,2025-12-27,3,2025-12-29,19100
PO0388,SUP07,Khan Sanitaryware,Sanitary,2025-12-28,8,2026-01-04,65200
PO0332,SUP06,Mishra Electricals,Electrical,2025-12-31,5,2026-01-06,65300
PO0443,SUP08,Yadav Hardware Mart,Hardware,2025-12-31,3,2026-01-03,24600
PO0333,SUP06,Mishra Electricals,Electrical,2026-01-01,5,2026-01-05,39500
PO0019,SUP01,Sharma Cement Traders,Cement,2026-01-03,3,2026-01-05,76000
PO0020,SUP01,Sharma Cement Traders,Cement,2026-01-04,3,2026-01-06,86100
PO0334,SUP06,Mishra Electricals,Electrical,2026-01-05,5,2026-01-11,52800
PO0021,SUP01,Sharma Cement Traders,Cement,2026-01-06,3,2026-01-09,130600
PO0145,SUP03,Gupta Tile House,Tiles,2026-01-07,7,2026-01-15,110500
PO0335,SUP06,Mishra Electricals,Electrical,2026-01-07,5,2026-01-12,66600
PO0146,SUP03,Gupta Tile House,Tiles,2026-01-08,7,2026-01-16,132700
PO0022,SUP01,Sharma Cement Traders,Cement,2026-01-09,3,2026-01-12,151700
PO0203,SUP04,Verma Paint Dealers,Paint,2026-01-09,4,2026-01-14,88600
PO0082,SUP02,Rao Steel Wholesale,Steel,2026-01-10,5,2026-01-15,223700
PO0147,SUP03,Gupta Tile House,Tiles,2026-01-10,7,2026-01-17,82600
PO0083,SUP02,Rao Steel Wholesale,Steel,2026-01-11,5,2026-01-17,165600
PO0336,SUP06,Mishra Electricals,Electrical,2026-01-11,5,2026-01-16,36700
PO0084,SUP02,Rao Steel Wholesale,Steel,2026-01-12,5,2026-01-18,201200
PO0148,SUP03,Gupta Tile House,Tiles,2026-01-13,7,2026-01-21,72200
PO0337,SUP06,Mishra Electricals,Electrical,2026-01-14,5,2026-01-19,43400
PO0085,SUP02,Rao Steel Wholesale,Steel,2026-01-16,5,2026-01-23,292800
PO0086,SUP02,Rao Steel Wholesale,Steel,2026-01-18,5,2026-01-24,157200
PO0149,SUP03,Gupta Tile House,Tiles,2026-01-19,7,2026-01-27,114500
PO0444,SUP08,Yadav Hardware Mart,Hardware,2026-01-19,3,2026-01-23,30500
PO0150,SUP03,Gupta Tile House,Tiles,2026-01-20,7,2026-01-28,111300
PO0087,SUP02,Rao Steel Wholesale,Steel,2026-01-21,5,2026-01-26,195300
PO0273,SUP05,Singh Pipes & Fittings,Plumbing,2026-01-21,4,2026-01-26,73000
PO0274,SUP05,Singh Pipes & Fittings,Plumbing,2026-01-22,4,2026-01-27,55200
PO0389,SUP07,Khan Sanitaryware,Sanitary,2026-01-22,8,2026-01-29,66900
PO0151,SUP03,Gupta Tile House,Tiles,2026-01-25,7,2026-02-02,82200
PO0338,SUP06,Mishra Electricals,Electrical,2026-01-25,5,2026-01-29,35800
PO0023,SUP01,Sharma Cement Traders,Cement,2026-01-26,3,2026-01-29,92000
PO0088,SUP02,Rao Steel Wholesale,Steel,2026-01-26,5,2026-02-01,339400
PO0445,SUP08,Yadav Hardware Mart,Hardware,2026-01-26,3,2026-01-29,35800
PO0390,SUP07,Khan Sanitaryware,Sanitary,2026-01-27,8,2026-02-01,65500
PO0024,SUP01,Sharma Cement Traders,Cement,2026-01-28,3,2026-01-31,133100
PO0391,SUP07,Khan Sanitaryware,Sanitary,2026-01-29,8,2026-02-07,55400
PO0446,SUP08,Yadav Hardware Mart,Hardware,2026-01-30,3,2026-02-01,33600
PO0392,SUP07,Khan Sanitaryware,Sanitary,2026-01-31,8,2026-02-05,81000
PO0025,SUP01,Sharma Cement Traders,Cement,2026-02-01,3,2026-02-05,131700
PO0089,SUP02,Rao Steel Wholesale,Steel,2026-02-01,5,2026-02-06,250100
PO0447,SUP08,Yadav Hardware Mart,Hardware,2026-02-01,3,2026-02-04,23200
PO0393,SUP07,Khan Sanitaryware,Sanitary,2026-02-02,8,2026-02-15,59600
PO0152,SUP03,Gupta Tile House,Tiles,2026-02-03,7,2026-02-11,83900
PO0204,SUP04,Verma Paint Dealers,Paint,2026-02-03,4,2026-02-07,90500
PO0275,SUP05,Singh Pipes & Fittings,Plumbing,2026-02-03,4,2026-02-08,46400
PO0339,SUP06,Mishra Electricals,Electrical,2026-02-03,5,2026-02-08,57400
PO0153,SUP03,Gupta Tile House,Tiles,2026-02-04,7,2026-02-14,147600
PO0448,SUP08,Yadav Hardware Mart,Hardware,2026-02-05,3,2026-02-08,35500
PO0090,SUP02,Rao Steel Wholesale,Steel,2026-02-06,5,2026-02-13,319800
PO0154,SUP03,Gupta Tile House,Tiles,2026-02-06,7,2026-02-12,74400
PO0205,SUP04,Verma Paint Dealers,Paint,2026-02-06,4,2026-02-11,115000
PO0449,SUP08,Yadav Hardware Mart,Hardware,2026-02-07,3,2026-02-10,36600
PO0026,SUP01,Sharma Cement Traders,Cement,2026-02-08,3,2026-02-11,84200
PO0091,SUP02,Rao Steel Wholesale,Steel,2026-02-08,5,2026-02-14,290000
PO0450,SUP08,Yadav Hardware Mart,Hardware,2026-02-08,3,2026-02-11,38100
PO0340,SUP06,Mishra Electricals,Electrical,2026-02-09,5,2026-02-14,44500
PO0206,SUP04,Verma Paint Dealers,Paint,2026-02-10,4,2026-02-15,106200
PO0155,SUP03,Gupta Tile House,Tiles,2026-02-11,7,2026-02-21,106700
PO0451,SUP08,Yadav Hardware Mart,Hardware,2026-02-12,3,2026-02-15,20900
PO0452,SUP08,Yadav Hardware Mart,Hardware,2026-02-13,3,2026-02-17,28800
PO0156,SUP03,Gupta Tile House,Tiles,2026-02-15,7,2026-02-24,133300
PO0207,SUP04,Verma Paint Dealers,Paint,2026-02-16,4,2026-02-22,104300
PO0092,SUP02,Rao Steel Wholesale,Steel,2026-02-18,5,2026-02-24,328500
PO0276,SUP05,Singh Pipes & Fittings,Plumbing,2026-02-18,4,2026-02-23,82800
PO0341,SUP06,Mishra Electricals,Electrical,2026-02-18,5,2026-02-23,36600
PO0093,SUP02,Rao Steel Wholesale,Steel,2026-02-19,5,2026-02-26,227600
PO0208,SUP04,Verma Paint Dealers,Paint,2026-02-19,4,2026-02-24,71200
PO0027,SUP01,Sharma Cement Traders,Cement,2026-02-20,3,2026-02-22,85000
PO0277,SUP05,Singh Pipes & Fittings,Plumbing,2026-02-22,4,2026-02-27,74100
PO0157,SUP03,Gupta Tile House,Tiles,2026-02-23,7,2026-03-03,111300
PO0209,SUP04,Verma Paint Dealers,Paint,2026-02-23,4,2026-03-01,122500
PO0210,SUP04,Verma Paint Dealers,Paint,2026-02-24,4,2026-02-28,68100
PO0028,SUP01,Sharma Cement Traders,Cement,2026-02-25,3,2026-02-27,109100
PO0029,SUP01,Sharma Cement Traders,Cement,2026-02-26,3,2026-03-01,93900
PO0030,SUP01,Sharma Cement Traders,Cement,2026-02-28,3,2026-03-03,130600
PO0211,SUP04,Verma Paint Dealers,Paint,2026-03-01,4,2026-03-06,103200
PO0278,SUP05,Singh Pipes & Fittings,Plumbing,2026-03-01,4,2026-03-05,38800
PO0394,SUP07,Khan Sanitaryware,Sanitary,2026-03-01,8,2026-03-08,62500
PO0453,SUP08,Yadav Hardware Mart,Hardware,2026-03-01,3,2026-03-04,38500
PO0454,SUP08,Yadav Hardware Mart,Hardware,2026-03-02,3,2026-03-05,39100
PO0395,SUP07,Khan Sanitaryware,Sanitary,2026-03-03,8,2026-03-13,77600
PO0094,SUP02,Rao Steel Wholesale,Steel,2026-03-04,5,2026-03-10,327500
PO0031,SUP01,Sharma Cement Traders,Cement,2026-03-05,3,2026-03-08,132400
PO0279,SUP05,Singh Pipes & Fittings,Plumbing,2026-03-06,4,2026-03-09,80400
PO0396,SUP07,Khan Sanitaryware,Sanitary,2026-03-06,8,2026-03-17,52900
PO0397,SUP07,Khan Sanitaryware,Sanitary,2026-03-07,8,2026-03-16,106100
PO0095,SUP02,Rao Steel Wholesale,Steel,2026-03-08,5,2026-03-15,151300
PO0342,SUP06,Mishra Electricals,Electrical,2026-03-08,5,2026-03-13,53900
PO0212,SUP04,Verma Paint Dealers,Paint,2026-03-09,4,2026-03-14,72700
PO0455,SUP08,Yadav Hardware Mart,Hardware,2026-03-09,3,2026-03-12,34100
PO0280,SUP05,Singh Pipes & Fittings,Plumbing,2026-03-10,4,2026-03-15,79500
PO0398,SUP07,Khan Sanitaryware,Sanitary,2026-03-10,8,2026-03-18,48400
PO0456,SUP08,Yadav Hardware Mart,Hardware,2026-03-10,3,2026-03-13,29700
PO0032,SUP01,Sharma Cement Traders,Cement,2026-03-11,3,2026-03-14,125200
PO0213,SUP04,Verma Paint Dealers,Paint,2026-03-11,4,2026-03-16,55900
PO0457,SUP08,Yadav Hardware Mart,Hardware,2026-03-11,3,2026-03-15,22500
PO0096,SUP02,Rao Steel Wholesale,Steel,2026-03-12,5,2026-03-17,250500
PO0158,SUP03,Gupta Tile House,Tiles,2026-03-12,7,2026-03-21,103800
PO0343,SUP06,Mishra Electricals,Electrical,2026-03-12,5,2026-03-18,46100
PO0214,SUP04,Verma Paint Dealers,Paint,2026-03-13,4,2026-03-19,74000
PO0159,SUP03,Gupta Tile House,Tiles,2026-03-14,7,2026-03-22,127700
PO0399,SUP07,Khan Sanitaryware,Sanitary,2026-03-16,8,2026-03-22,75100
PO0033,SUP01,Sharma Cement Traders,Cement,2026-03-17,3,2026-03-20,118300
PO0097,SUP02,Rao Steel Wholesale,Steel,2026-03-17,5,2026-03-23,313900
PO0344,SUP06,Mishra Electricals,Electrical,2026-03-18,5,2026-03-23,61300
PO0345,SUP06,Mishra Electricals,Electrical,2026-03-19,5,2026-03-27,35500
PO0281,SUP05,Singh Pipes & Fittings,Plumbing,2026-03-20,4,2026-03-23,57600
PO0282,SUP05,Singh Pipes & Fittings,Plumbing,2026-03-21,4,2026-03-25,78000
PO0283,SUP05,Singh Pipes & Fittings,Plumbing,2026-03-22,4,2026-03-27,56000
PO0160,SUP03,Gupta Tile House,Tiles,2026-03-23,7,2026-04-01,140300
PO0284,SUP05,Singh Pipes & Fittings,Plumbing,2026-03-23,4,2026-03-27,79600
PO0215,SUP04,Verma Paint Dealers,Paint,2026-03-24,4,2026-03-29,108400
PO0346,SUP06,Mishra Electricals,Electrical,2026-03-24,5,2026-03-28,60200
PO0098,SUP02,Rao Steel Wholesale,Steel,2026-03-25,5,2026-03-31,346500
PO0285,SUP05,Singh Pipes & Fittings,Plumbing,2026-03-28,4,2026-04-01,74900
PO0099,SUP02,Rao Steel Wholesale,Steel,2026-03-29,5,2026-04-05,169800
PO0286,SUP05,Singh Pipes & Fittings,Plumbing,2026-03-29,4,2026-04-03,65700
PO0161,SUP03,Gupta Tile House,Tiles,2026-03-31,7,2026-04-09,131100
PO0400,SUP07,Khan Sanitaryware,Sanitary,2026-04-01,8,2026-04-08,84400
PO0287,SUP05,Singh Pipes & Fittings,Plumbing,2026-04-04,4,2026-04-09,60800
PO0458,SUP08,Yadav Hardware Mart,Hardware,2026-04-05,3,2026-04-08,23000
PO0216,SUP04,Verma Paint Dealers,Paint,2026-04-06,4,2026-04-12,70900
PO0100,SUP02,Rao Steel Wholesale,Steel,2026-04-07,5,2026-04-15,334800
PO0401,SUP07,Khan Sanitaryware,Sanitary,2026-04-07,8,2026-04-19,60100
PO0162,SUP03,Gupta Tile House,Tiles,2026-04-11,7,2026-04-21,101700
PO0217,SUP04,Verma Paint Dealers,Paint,2026-04-11,4,2026-04-16,124700
PO0347,SUP06,Mishra Electricals,Electrical,2026-04-11,5,2026-04-18,54600
PO0288,SUP05,Singh Pipes & Fittings,Plumbing,2026-04-12,4,2026-04-17,44600
PO0459,SUP08,Yadav Hardware Mart,Hardware,2026-04-12,3,2026-04-15,27900
PO0101,SUP02,Rao Steel Wholesale,Steel,2026-04-14,5,2026-04-20,174700
PO0348,SUP06,Mishra Electricals,Electrical,2026-04-14,5,2026-04-18,55600
PO0102,SUP02,Rao Steel Wholesale,Steel,2026-04-15,5,2026-04-22,167600
PO0034,SUP01,Sharma Cement Traders,Cement,2026-04-16,3,2026-04-18,79500
PO0218,SUP04,Verma Paint Dealers,Paint,2026-04-16,4,2026-04-21,78400
PO0349,SUP06,Mishra Electricals,Electrical,2026-04-16,5,2026-04-22,46500
PO0219,SUP04,Verma Paint Dealers,Paint,2026-04-18,4,2026-04-23,89600
PO0289,SUP05,Singh Pipes & Fittings,Plumbing,2026-04-20,4,2026-04-24,45800
PO0460,SUP08,Yadav Hardware Mart,Hardware,2026-04-20,3,2026-04-22,30400
PO0035,SUP01,Sharma Cement Traders,Cement,2026-04-21,3,2026-04-24,121200
PO0402,SUP07,Khan Sanitaryware,Sanitary,2026-04-21,8,2026-05-05,59500
PO0220,SUP04,Verma Paint Dealers,Paint,2026-04-22,4,2026-04-28,111800
PO0403,SUP07,Khan Sanitaryware,Sanitary,2026-04-22,8,2026-04-30,98600
PO0221,SUP04,Verma Paint Dealers,Paint,2026-04-23,4,2026-04-30,86200
PO0036,SUP01,Sharma Cement Traders,Cement,2026-04-24,3,2026-04-27,96500
PO0222,SUP04,Verma Paint Dealers,Paint,2026-04-24,4,2026-04-30,109400
PO0350,SUP06,Mishra Electricals,Electrical,2026-04-24,5,2026-04-29,31300
PO0163,SUP03,Gupta Tile House,Tiles,2026-04-25,7,2026-05-04,111100
PO0103,SUP02,Rao Steel Wholesale,Steel,2026-04-26,5,2026-05-04,212000
PO0037,SUP01,Sharma Cement Traders,Cement,2026-04-27,3,2026-04-30,112400
PO0351,SUP06,Mishra Electricals,Electrical,2026-04-27,5,2026-05-02,46200
PO0223,SUP04,Verma Paint Dealers,Paint,2026-04-28,4,2026-05-02,86000
PO0461,SUP08,Yadav Hardware Mart,Hardware,2026-04-28,3,2026-05-01,31200
PO0290,SUP05,Singh Pipes & Fittings,Plumbing,2026-04-29,4,2026-05-03,42200
PO0462,SUP08,Yadav Hardware Mart,Hardware,2026-04-29,3,2026-05-02,27000
PO0104,SUP02,Rao Steel Wholesale,Steel,2026-04-30,5,2026-05-09,202400
PO0164,SUP03,Gupta Tile House,Tiles,2026-04-30,7,2026-05-10,67400
PO0352,SUP06,Mishra Electricals,Electrical,2026-04-30,5,2026-05-06,43400
PO0224,SUP04,Verma Paint Dealers,Paint,2026-05-01,4,2026-05-06,64800
PO0165,SUP03,Gupta Tile House,Tiles,2026-05-03,7,2026-05-13,128000
PO0225,SUP04,Verma Paint Dealers,Paint,2026-05-04,4,2026-05-09,65000
PO0291,SUP05,Singh Pipes & Fittings,Plumbing,2026-05-04,4,2026-05-08,52900
PO0404,SUP07,Khan Sanitaryware,Sanitary,2026-05-04,8,2026-05-11,57600
PO0292,SUP05,Singh Pipes & Fittings,Plumbing,2026-05-05,4,2026-05-08,78700
PO0463,SUP08,Yadav Hardware Mart,Hardware,2026-05-06,3,2026-05-10,39100
PO0353,SUP06,Mishra Electricals,Electrical,2026-05-07,5,2026-05-13,67300
PO0226,SUP04,Verma Paint Dealers,Paint,2026-05-08,4,2026-05-14,74900
PO0105,SUP02,Rao Steel Wholesale,Steel,2026-05-09,5,2026-05-16,293700
PO0166,SUP03,Gupta Tile House,Tiles,2026-05-11,7,2026-05-19,141700
PO0354,SUP06,Mishra Electricals,Electrical,2026-05-11,5,2026-05-17,32100
PO0464,SUP08,Yadav Hardware Mart,Hardware,2026-05-11,3,2026-05-14,28800
PO0167,SUP03,Gupta Tile House,Tiles,2026-05-12,7,2026-05-21,118800
PO0038,SUP01,Sharma Cement Traders,Cement,2026-05-14,3,2026-05-16,158900
PO0106,SUP02,Rao Steel Wholesale,Steel,2026-05-14,5,2026-05-22,157400
PO0405,SUP07,Khan Sanitaryware,Sanitary,2026-05-14,8,2026-05-25,106700
PO0107,SUP02,Rao Steel Wholesale,Steel,2026-05-15,5,2026-05-22,218400
PO0465,SUP08,Yadav Hardware Mart,Hardware,2026-05-15,3,2026-05-17,21300
PO0227,SUP04,Verma Paint Dealers,Paint,2026-05-16,4,2026-05-21,108600
PO0039,SUP01,Sharma Cement Traders,Cement,2026-05-17,3,2026-05-19,161200
PO0355,SUP06,Mishra Electricals,Electrical,2026-05-17,5,2026-05-23,61500
PO0108,SUP02,Rao Steel Wholesale,Steel,2026-05-19,5,2026-05-25,334000
PO0406,SUP07,Khan Sanitaryware,Sanitary,2026-05-19,8,2026-05-25,85400
PO0040,SUP01,Sharma Cement Traders,Cement,2026-05-20,3,2026-05-23,165800
PO0407,SUP07,Khan Sanitaryware,Sanitary,2026-05-21,8,2026-06-03,51900
PO0466,SUP08,Yadav Hardware Mart,Hardware,2026-05-21,3,2026-05-23,20500
PO0467,SUP08,Yadav Hardware Mart,Hardware,2026-05-22,3,2026-05-25,26900
PO0041,SUP01,Sharma Cement Traders,Cement,2026-05-23,3,2026-05-27,134700
PO0109,SUP02,Rao Steel Wholesale,Steel,2026-05-23,5,2026-05-30,193700
PO0168,SUP03,Gupta Tile House,Tiles,2026-05-23,7,2026-06-01,110400
PO0293,SUP05,Singh Pipes & Fittings,Plumbing,2026-05-24,4,2026-05-27,69300
PO0110,SUP02,Rao Steel Wholesale,Steel,2026-05-25,5,2026-06-02,157000
PO0042,SUP01,Sharma Cement Traders,Cement,2026-05-26,3,2026-05-30,131100
PO0294,SUP05,Singh Pipes & Fittings,Plumbing,2026-05-26,4,2026-05-31,62100
PO0356,SUP06,Mishra Electricals,Electrical,2026-05-26,5,2026-05-30,46100
PO0043,SUP01,Sharma Cement Traders,Cement,2026-05-27,3,2026-05-30,159800
PO0468,SUP08,Yadav Hardware Mart,Hardware,2026-05-28,3,2026-05-31,38400
PO0357,SUP06,Mishra Electricals,Electrical,2026-05-29,5,2026-06-03,43800
PO0111,SUP02,Rao Steel Wholesale,Steel,2026-05-30,5,2026-06-05,256600
PO0228,SUP04,Verma Paint Dealers,Paint,2026-05-30,4,2026-06-05,101100
PO0408,SUP07,Khan Sanitaryware,Sanitary,2026-05-30,8,2026-06-07,52100
PO0469,SUP08,Yadav Hardware Mart,Hardware,2026-05-30,3,2026-06-02,35900
PO0169,SUP03,Gupta Tile House,Tiles,2026-05-31,7,2026-06-11,88700
PO0044,SUP01,Sharma Cement Traders,Cement,2026-06-01,3,2026-06-04,143900
PO0170,SUP03,Gupta Tile House,Tiles,2026-06-01,7,2026-06-10,146200
PO0409,SUP07,Khan Sanitaryware,Sanitary,2026-06-01,8,2026-06-10,68500
PO0112,SUP02,Rao Steel Wholesale,Steel,2026-06-04,5,2026-06-10,244100
PO0229,SUP04,Verma Paint Dealers,Paint,2026-06-05,4,2026-06-10,95800
PO0358,SUP06,Mishra Electricals,Electrical,2026-06-05,5,2026-06-11,65900
PO0113,SUP02,Rao Steel Wholesale,Steel,2026-06-06,5,2026-06-12,350000
PO0295,SUP05,Singh Pipes & Fittings,Plumbing,2026-06-07,4,2026-06-12,60300
PO0296,SUP05,Singh Pipes & Fittings,Plumbing,2026-06-08,4,2026-06-12,45300
PO0470,SUP08,Yadav Hardware Mart,Hardware,2026-06-08,3,2026-06-11,36300
PO0171,SUP03,Gupta Tile House,Tiles,2026-06-10,7,2026-06-19,137700
PO0297,SUP05,Singh Pipes & Fittings,Plumbing,2026-06-10,4,2026-06-14,68700
PO0230,SUP04,Verma Paint Dealers,Paint,2026-06-11,4,2026-06-16,93100
PO0114,SUP02,Rao Steel Wholesale,Steel,2026-06-12,5,2026-06-20,285600
PO0471,SUP08,Yadav Hardware Mart,Hardware,2026-06-12,3,2026-06-15,35800
PO0045,SUP01,Sharma Cement Traders,Cement,2026-06-13,3,2026-06-17,95900
PO0115,SUP02,Rao Steel Wholesale,Steel,2026-06-13,5,2026-06-20,238000
PO0172,SUP03,Gupta Tile House,Tiles,2026-06-13,7,2026-06-21,101700
PO0410,SUP07,Khan Sanitaryware,Sanitary,2026-06-13,8,2026-06-16,78900
PO0472,SUP08,Yadav Hardware Mart,Hardware,2026-06-13,3,2026-06-16,38500
PO0473,SUP08,Yadav Hardware Mart,Hardware,2026-06-15,3,2026-06-18,31400
PO0231,SUP04,Verma Paint Dealers,Paint,2026-06-16,4,2026-06-22,85100
PO0046,SUP01,Sharma Cement Traders,Cement,2026-06-18,3,2026-06-21,76500
PO0232,SUP04,Verma Paint Dealers,Paint,2026-06-18,4,2026-06-23,87400
PO0173,SUP03,Gupta Tile House,Tiles,2026-06-19,7,2026-06-30,127100
PO0359,SUP06,Mishra Electricals,Electrical,2026-06-19,5,2026-06-26,46300
PO0474,SUP08,Yadav Hardware Mart,Hardware,2026-06-19,3,2026-06-22,36600
PO0047,SUP01,Sharma Cement Traders,Cement,2026-06-20,3,2026-06-23,165400
PO0116,SUP02,Rao Steel Wholesale,Steel,2026-06-21,5,2026-06-29,287800
PO0298,SUP05,Singh Pipes & Fittings,Plumbing,2026-06-22,4,2026-06-26,37800
PO0048,SUP01,Sharma Cement Traders,Cement,2026-06-23,3,2026-06-27,80900
PO0117,SUP02,Rao Steel Wholesale,Steel,2026-06-23,5,2026-06-30,301600
PO0233,SUP04,Verma Paint Dealers,Paint,2026-06-24,4,2026-06-29,113300
PO0411,SUP07,Khan Sanitaryware,Sanitary,2026-06-24,8,2026-07-04,100900
PO0299,SUP05,Singh Pipes & Fittings,Plumbing,2026-06-25,4,2026-06-28,55800
PO0475,SUP08,Yadav Hardware Mart,Hardware,2026-06-25,3,2026-06-28,27000
PO0174,SUP03,Gupta Tile House,Tiles,2026-06-26,7,2026-07-05,133500
PO0300,SUP05,Singh Pipes & Fittings,Plumbing,2026-06-26,4,2026-06-28,82300
PO0234,SUP04,Verma Paint Dealers,Paint,2026-06-27,4,2026-07-04,119600
PO0412,SUP07,Khan Sanitaryware,Sanitary,2026-06-27,8,2026-07-05,88600
PO0476,SUP08,Yadav Hardware Mart,Hardware,2026-06-27,3,2026-06-30,37200
PO0049,SUP01,Sharma Cement Traders,Cement,2026-06-28,3,2026-07-01,103800
PO0175,SUP03,Gupta Tile House,Tiles,2026-06-29,7,2026-07-09,129600
PO0235,SUP04,Verma Paint Dealers,Paint,2026-06-29,4,2026-07-05,97500
PO0413,SUP07,Khan Sanitaryware,Sanitary,2026-06-29,8,2026-07-11,82000
PO0176,SUP03,Gupta Tile House,Tiles,2026-07-01,7,2026-07-10,72200
PO0050,SUP01,Sharma Cement Traders,Cement,2026-07-03,3,2026-07-07,142400
PO0177,SUP03,Gupta Tile House,Tiles,2026-07-03,7,2026-07-12,66900
PO0301,SUP05,Singh Pipes & Fittings,Plumbing,2026-07-03,4,2026-07-07,51200
PO0414,SUP07,Khan Sanitaryware,Sanitary,2026-07-03,8,2026-07-11,86000
PO0236,SUP04,Verma Paint Dealers,Paint,2026-07-04,4,2026-07-10,109000
PO0118,SUP02,Rao Steel Wholesale,Steel,2026-07-05,5,2026-07-11,316200
PO0237,SUP04,Verma Paint Dealers,Paint,2026-07-05,4,2026-07-10,77600
PO0302,SUP05,Singh Pipes & Fittings,Plumbing,2026-07-05,4,2026-07-08,83900
PO0303,SUP05,Singh Pipes & Fittings,Plumbing,2026-07-06,4,2026-07-10,68000
PO0477,SUP08,Yadav Hardware Mart,Hardware,2026-07-06,3,2026-07-09,20900
PO0304,SUP05,Singh Pipes & Fittings,Plumbing,2026-07-07,4,2026-07-11,42700
PO0415,SUP07,Khan Sanitaryware,Sanitary,2026-07-07,8,2026-07-15,75900
PO0238,SUP04,Verma Paint Dealers,Paint,2026-07-09,4,2026-07-15,101300
PO0051,SUP01,Sharma Cement Traders,Cement,2026-07-10,3,2026-07-11,128600
PO0360,SUP06,Mishra Electricals,Electrical,2026-07-12,5,2026-07-17,41300
PO0478,SUP08,Yadav Hardware Mart,Hardware,2026-07-12,3,2026-07-14,40300
PO0052,SUP01,Sharma Cement Traders,Cement,2026-07-14,3,2026-07-17,160700
PO0239,SUP04,Verma Paint Dealers,Paint,2026-07-15,4,2026-07-21,77500
PO0053,SUP01,Sharma Cement Traders,Cement,2026-07-16,3,2026-07-18,101900
PO0361,SUP06,Mishra Electricals,Electrical,2026-07-16,5,2026-07-22,66200
PO0416,SUP07,Khan Sanitaryware,Sanitary,2026-07-16,8,2026-07-23,90800
PO0240,SUP04,Verma Paint Dealers,Paint,2026-07-18,4,2026-07-25,85800
PO0305,SUP05,Singh Pipes & Fittings,Plumbing,2026-07-18,4,2026-07-22,68000
PO0417,SUP07,Khan Sanitaryware,Sanitary,2026-07-18,8,2026-07-24,93800
PO0479,SUP08,Yadav Hardware Mart,Hardware,2026-07-19,3,2026-07-22,24800
PO0418,SUP07,Khan Sanitaryware,Sanitary,2026-07-22,8,2026-07-29,94200
PO0480,SUP08,Yadav Hardware Mart,Hardware,2026-07-24,3,2026-07-27,40200
PO0119,SUP02,Rao Steel Wholesale,Steel,2026-07-25,5,2026-08-02,262300
PO0241,SUP04,Verma Paint Dealers,Paint,2026-07-25,4,2026-07-31,96800
PO0306,SUP05,Singh Pipes & Fittings,Plumbing,2026-07-25,4,2026-07-28,73700
PO0120,SUP02,Rao Steel Wholesale,Steel,2026-07-26,5,2026-08-03,331400
PO0178,SUP03,Gupta Tile House,Tiles,2026-07-26,7,2026-08-06,97300
PO0242,SUP04,Verma Paint Dealers,Paint,2026-07-27,4,2026-08-03,74100
PO0419,SUP07,Khan Sanitaryware,Sanitary,2026-07-27,8,2026-08-04,102600
PO0054,SUP01,Sharma Cement Traders,Cement,2026-07-28,3,2026-07-31,75200
PO0481,SUP08,Yadav Hardware Mart,Hardware,2026-07-29,3,2026-08-01,22800
PO0055,SUP01,Sharma Cement Traders,Cement,2026-07-30,3,2026-08-02,78500
PO0362,SUP06,Mishra Electricals,Electrical,2026-07-31,5,2026-08-05,57600
PO0056,SUP01,Sharma Cement Traders,Cement,2026-08-01,3,2026-08-04,101900
PO0243,SUP04,Verma Paint Dealers,Paint,2026-08-02,4,2026-08-08,92200
PO0482,SUP08,Yadav Hardware Mart,Hardware,2026-08-02,3,2026-08-05,35100
PO0244,SUP04,Verma Paint Dealers,Paint,2026-08-03,4,2026-08-10,69900
PO0057,SUP01,Sharma Cement Traders,Cement,2026-08-04,3,2026-08-07,115500
PO0121,SUP02,Rao Steel Wholesale,Steel,2026-08-04,5,2026-08-13,201300
PO0483,SUP08,Yadav Hardware Mart,Hardware,2026-08-04,3,2026-08-06,30500
PO0484,SUP08,Yadav Hardware Mart,Hardware,2026-08-08,3,2026-08-11,37300
PO0245,SUP04,Verma Paint Dealers,Paint,2026-08-09,4,2026-08-15,123700
PO0122,SUP02,Rao Steel Wholesale,Steel,2026-08-10,5,2026-08-17,324000
PO0363,SUP06,Mishra Electricals,Electrical,2026-08-10,5,2026-08-16,34600
PO0485,SUP08,Yadav Hardware Mart,Hardware,2026-08-10,3,2026-08-12,29500
PO0058,SUP01,Sharma Cement Traders,Cement,2026-08-11,3,2026-08-14,107300
PO0123,SUP02,Rao Steel Wholesale,Steel,2026-08-11,5,2026-08-17,271900
PO0059,SUP01,Sharma Cement Traders,Cement,2026-08-12,3,2026-08-17,142800
PO0179,SUP03,Gupta Tile House,Tiles,2026-08-12,7,2026-08-21,86400
PO0180,SUP03,Gupta Tile House,Tiles,2026-08-13,7,2026-08-22,149100
PO0307,SUP05,Singh Pipes & Fittings,Plumbing,2026-08-13,4,2026-08-16,41900
PO0181,SUP03,Gupta Tile House,Tiles,2026-08-14,7,2026-08-24,124100
PO0364,SUP06,Mishra Electricals,Electrical,2026-08-15,5,2026-08-21,67600
PO0486,SUP08,Yadav Hardware Mart,Hardware,2026-08-15,3,2026-08-18,25400
PO0060,SUP01,Sharma Cement Traders,Cement,2026-08-16,3,2026-08-19,84400
PO0182,SUP03,Gupta Tile House,Tiles,2026-08-16,7,2026-08-25,116100
PO0487,SUP08,Yadav Hardware Mart,Hardware,2026-08-16,3,2026-08-20,39900
PO0124,SUP02,Rao Steel Wholesale,Steel,2026-08-17,5,2026-08-25,258900
PO0061,SUP01,Sharma Cement Traders,Cement,2026-08-19,3,2026-08-23,80200
PO0365,SUP06,Mishra Electricals,Electrical,2026-08-19,5,2026-08-24,46800
PO0183,SUP03,Gupta Tile House,Tiles,2026-08-20,7,2026-08-29,154000
PO0062,SUP01,Sharma Cement Traders,Cement,2026-08-21,3,2026-08-24,117400
PO0125,SUP02,Rao Steel Wholesale,Steel,2026-08-21,5,2026-08-29,204600
PO0184,SUP03,Gupta Tile House,Tiles,2026-08-21,7,2026-08-31,122500
PO0246,SUP04,Verma Paint Dealers,Paint,2026-08-21,4,2026-08-27,60100
PO0308,SUP05,Singh Pipes & Fittings,Plumbing,2026-08-21,4,2026-08-24,70200
PO0185,SUP03,Gupta Tile House,Tiles,2026-08-23,7,2026-09-02,152200
PO0247,SUP04,Verma Paint Dealers,Paint,2026-08-23,4,2026-08-28,113700
PO0063,SUP01,Sharma Cement Traders,Cement,2026-08-24,3,2026-08-28,162600
PO0309,SUP05,Singh Pipes & Fittings,Plumbing,2026-08-24,4,2026-08-28,58800
PO0366,SUP06,Mishra Electricals,Electrical,2026-08-24,5,2026-08-31,31000
PO0488,SUP08,Yadav Hardware Mart,Hardware,2026-08-24,3,2026-08-27,39800
PO0248,SUP04,Verma Paint Dealers,Paint,2026-08-27,4,2026-09-03,96100
PO0249,SUP04,Verma Paint Dealers,Paint,2026-08-28,4,2026-09-04,111300
PO0367,SUP06,Mishra Electricals,Electrical,2026-08-28,5,2026-09-03,54600
PO0064,SUP01,Sharma Cement Traders,Cement,2026-08-29,3,2026-09-02,74900
PO0310,SUP05,Singh Pipes & Fittings,Plumbing,2026-08-29,4,2026-09-02,73000
PO0420,SUP07,Khan Sanitaryware,Sanitary,2026-08-29,8,2026-09-09,86600
PO0489,SUP08,Yadav Hardware Mart,Hardware,2026-08-29,3,2026-09-01,39900
PO0311,SUP05,Singh Pipes & Fittings,Plumbing,2026-08-30,4,2026-09-03,77100
PO0065,SUP01,Sharma Cement Traders,Cement,2026-08-31,3,2026-09-03,135600
PO0312,SUP05,Singh Pipes & Fittings,Plumbing,2026-08-31,4,2026-09-05,79300
PO0066,SUP01,Sharma Cement Traders,Cement,2026-09-01,3,2026-09-04,108400
PO0250,SUP04,Verma Paint Dealers,Paint,2026-09-01,4,2026-09-07,82100
PO0421,SUP07,Khan Sanitaryware,Sanitary,2026-09-02,8,2026-09-10,110100
PO0126,SUP02,Rao Steel Wholesale,Steel,2026-09-03,5,2026-09-10,172900
PO0490,SUP08,Yadav Hardware Mart,Hardware,2026-09-03,3,2026-09-06,38300
PO0368,SUP06,Mishra Electricals,Electrical,2026-09-04,5,2026-09-10,47300
PO0067,SUP01,Sharma Cement Traders,Cement,2026-09-05,3,2026-09-08,80700
PO0251,SUP04,Verma Paint Dealers,Paint,2026-09-05,4,2026-09-11,65100
PO0127,SUP02,Rao Steel Wholesale,Steel,2026-09-06,5,2026-09-14,151000
PO0422,SUP07,Khan Sanitaryware,Sanitary,2026-09-06,8,2026-09-16,51400
PO0313,SUP05,Singh Pipes & Fittings,Plumbing,2026-09-07,4,2026-09-10,43300
PO0369,SUP06,Mishra Electricals,Electrical,2026-09-07,5,2026-09-12,61600
PO0252,SUP04,Verma Paint Dealers,Paint,2026-09-08,4,2026-09-14,60500
PO0314,SUP05,Singh Pipes & Fittings,Plumbing,2026-09-10,4,2026-09-13,72000
PO0370,SUP06,Mishra Electricals,Electrical,2026-09-12,5,2026-09-18,65300
PO0128,SUP02,Rao Steel Wholesale,Steel,2026-09-13,5,2026-09-20,158800
PO0491,SUP08,Yadav Hardware Mart,Hardware,2026-09-14,3,2026-09-18,25200
PO0068,SUP01,Sharma Cement Traders,Cement,2026-09-16,3,2026-09-19,83100
PO0253,SUP04,Verma Paint Dealers,Paint,2026-09-16,4,2026-09-22,86700
PO0186,SUP03,Gupta Tile House,Tiles,2026-09-17,7,2026-09-26,68000
PO0187,SUP03,Gupta Tile House,Tiles,2026-09-19,7,2026-09-28,88600
PO0371,SUP06,Mishra Electricals,Electrical,2026-09-19,5,2026-09-25,63800
PO0492,SUP08,Yadav Hardware Mart,Hardware,2026-09-19,3,2026-09-22,19700
PO0423,SUP07,Khan Sanitaryware,Sanitary,2026-09-20,8,2026-09-24,68800
PO0069,SUP01,Sharma Cement Traders,Cement,2026-09-21,3,2026-09-24,103700
PO0129,SUP02,Rao Steel Wholesale,Steel,2026-09-21,5,2026-09-30,333500
PO0493,SUP08,Yadav Hardware Mart,Hardware,2026-09-22,3,2026-09-24,18800
PO0130,SUP02,Rao Steel Wholesale,Steel,2026-09-23,5,2026-09-29,174400
PO0494,SUP08,Yadav Hardware Mart,Hardware,2026-09-23,3,2026-09-26,25100
PO0372,SUP06,Mishra Electricals,Electrical,2026-09-24,5,2026-09-30,39700
PO0495,SUP08,Yadav Hardware Mart,Hardware,2026-09-26,3,2026-09-30,37600
